match_id,minute,p,gold_adv,tower_adv,kills_adv,draft_logit,in_test
8943202720,49,0.950907,17809,4,8,0.837567,1
8943202720,49,0.979101,19566,4,9,0.837567,1
8943235603,14,0.891185,6104,2,10,0.0224769,1
8943235603,14,0.891185,6375,2,10,0.0224769,1
8943235603,15,0.874101,5411,2,9,0.0224769,1
8943235603,15,0.813417,5198,2,9,0.0224769,1
8943235603,15,0.794004,5065,1,9,0.0224769,1
8943235603,16,0.665984,4336,1,8,0.0224769,1
8943235603,16,0.629745,4045,1,9,0.0224769,1
8943235603,16,0.862944,5535,1,10,0.0224769,1
8943235603,16,0.874101,6009,1,10,0.0224769,1
8943235603,17,0.891185,7178,1,11,0.0224769,1
8943235603,17,0.891185,7027,1,11,0.0224769,1
8943235603,17,0.891185,7380,1,12,0.0224769,1
8943235603,17,0.928315,8535,1,13,0.0224769,1
8943235603,18,0.928315,8528,1,13,0.0224769,1
8943235603,18,0.928315,8586,1,13,0.0224769,1
8943235603,18,0.928315,9191,1,13,0.0224769,1
8943235603,18,0.928315,9146,2,13,0.0224769,1
8943235603,19,0.949153,9668,2,14,0.0224769,1
8943235603,19,0.949153,10293,2,15,0.0224769,1
8943235603,19,0.949153,10228,2,15,0.0224769,1
8943235603,19,0.979101,10089,2,15,0.0224769,1
8943235603,20,0.960396,9560,2,15,0.0224769,1
8943235603,20,0.972028,9508,2,15,0.0224769,1
8943235603,20,0.979101,9373,2,16,0.0224769,1
8943235603,20,0.979101,9584,2,17,0.0224769,1
8943235603,21,0.979101,9066,2,17,0.0224769,1
8943235603,21,0.979101,8874,2,17,0.0224769,1
8943235603,21,0.950907,7924,2,17,0.0224769,1
8943235603,21,0.891185,6383,2,16,0.0224769,1
8943235603,22,0.874101,6218,2,16,0.0224769,1
8943235603,22,0.874101,6415,2,16,0.0224769,1
8943235603,22,0.874101,5764,2,16,0.0224769,1
8943235603,22,0.813417,6057,2,16,0.0224769,1
8943235603,23,0.813417,6315,2,16,0.0224769,1
8943235603,23,0.813417,5987,2,16,0.0224769,1
8943235603,23,0.891185,7697,2,16,0.0224769,1
8943235603,23,0.891185,8423,2,16,0.0224769,1
8943235603,24,0.891185,8235,2,16,0.0224769,1
8943235603,24,0.794004,7068,2,15,0.0224769,1
8943235603,24,0.794004,7010,2,15,0.0224769,1
8943235603,24,0.759223,6850,2,15,0.0224769,1
8943235603,25,0.750903,6554,2,15,0.0224769,1
8943235603,25,0.742373,5791,2,15,0.0224769,1
8943235603,25,0.672048,5602,2,15,0.0224769,1
8943235603,25,0.663366,5684,2,15,0.0224769,1
8943235603,26,0.665984,6338,2,15,0.0224769,1
8943235603,26,0.672048,7584,2,15,0.0224769,1
8943235603,26,0.672048,7137,2,15,0.0224769,1
8943235603,26,0.742373,6864,2,15,0.0224769,1
8943235603,27,0.874101,8290,2,17,0.0224769,1
8943235603,27,0.891185,8662,2,17,0.0224769,1
8943235603,27,0.862944,7707,2,17,0.0224769,1
8943235603,27,0.813417,7245,2,17,0.0224769,1
8943235603,28,0.813417,7478,2,17,0.0224769,1
8943235603,28,0.862944,8031,2,17,0.0224769,1
8943235603,28,0.813417,7281,2,17,0.0224769,1
8943235603,29,0.813417,7182,2,17,0.0224769,1
8943235603,29,0.794004,6838,2,17,0.0224769,1
8943235603,29,0.891185,8271,2,17,0.0224769,1
8943235603,29,0.891185,8614,2,17,0.0224769,1
8943235603,30,0.862944,8018,2,16,0.0224769,1
8943235603,30,0.891185,8758,2,18,0.0224769,1
8943235603,30,0.928315,9981,2,19,0.0224769,1
8943235603,30,0.90099,8958,2,19,0.0224769,1
8943235603,31,0.90099,9107,2,19,0.0224769,1
8943235603,31,0.90099,9457,2,19,0.0224769,1
8943235603,31,0.928315,9601,2,19,0.0224769,1
8943235603,31,0.928315,9376,2,19,0.0224769,1
8943235603,32,0.950907,9917,3,20,0.0224769,1
8943235603,32,0.891185,10277,3,20,0.0224769,1
8943235603,32,0.950907,11057,3,21,0.0224769,1
8943235603,32,0.950907,11557,3,21,0.0224769,1
8943235603,33,0.949153,11021,3,21,0.0224769,1
8943235603,33,0.949153,10355,3,21,0.0224769,1
8943235603,33,0.929577,10130,3,21,0.0224769,1
8943235603,33,0.949153,10474,3,21,0.0224769,1
8943235603,34,0.950907,10811,4,21,0.0224769,1
8943235603,34,0.950907,11437,4,21,0.0224769,1
8943235603,34,0.950907,11049,4,21,0.0224769,1
8943235603,34,0.950907,11621,4,21,0.0224769,1
8943235603,35,0.950907,11374,4,21,0.0224769,1
8943235603,35,0.949153,11399,4,21,0.0224769,1
8943235603,35,0.950907,12151,4,22,0.0224769,1
8943235603,35,0.950907,12504,4,22,0.0224769,1
8943235603,36,0.950907,12712,4,22,0.0224769,1
8943235603,36,0.950907,12795,4,22,0.0224769,1
8943235603,36,0.972028,13854,4,23,0.0224769,1
8943235603,36,0.991736,16459,4,23,0.0224769,1
8943235603,37,0.979101,16309,4,23,0.0224769,1
8943235603,37,0.979101,16697,4,23,0.0224769,1
8943235603,37,0.991736,17076,4,23,0.0224769,1
8943235603,37,0.991736,17659,4,23,0.0224769,1
8943235603,38,0.979101,17306,4,23,0.0224769,1
8943235603,38,0.991736,18543,4,23,0.0224769,1
8943235603,38,0.991736,18522,4,23,0.0224769,1
8943235603,38,0.991736,21280,4,24,0.0224769,1
8943235603,39,0.991736,21871,4,25,0.0224769,1
8943235603,39,0.979101,16642,4,23,0.0224769,1
8943235603,39,0.929577,13935,4,22,0.0224769,1
8943235603,39,0.891185,12920,4,22,0.0224769,1
8943235603,40,0.891185,10102,3,22,0.0224769,1
8943235603,40,0.891185,9238,3,22,0.0224769,1
8943235603,40,0.862944,7558,2,22,0.0224769,1
8943235603,40,0.862944,8056,2,22,0.0224769,1
8943235603,41,0.891185,8713,2,22,0.0224769,1
8943235603,41,0.891185,9325,2,22,0.0224769,1
8943235603,41,0.813417,9865,2,22,0.0224769,1
8943235603,41,0.813417,10163,2,22,0.0224769,1
8943235603,42,0.813417,10246,2,22,0.0224769,1
8943235603,42,0.891185,11764,2,24,0.0224769,1
8943235603,42,0.891185,14058,2,25,0.0224769,1
8943235603,43,0.891185,14795,2,25,0.0224769,1
8943235603,43,0.891185,14510,2,25,0.0224769,1
8943235603,43,0.928315,15983,2,25,0.0224769,1
8943235603,43,0.928315,15967,2,25,0.0224769,1
8943235603,44,0.928315,16158,3,25,0.0224769,1
8943235603,44,0.950907,18362,3,25,0.0224769,1
8943235603,44,0.891185,14844,3,24,0.0224769,1
8943235603,44,0.928315,13750,3,24,0.0224769,1
8943235603,45,0.891185,12112,3,23,0.0224769,1
8943235603,45,0.891185,10096,3,22,0.0224769,1
8943235603,45,0.891185,9106,3,22,0.0224769,1
8943235603,45,0.891185,8105,3,22,0.0224769,1
8943235603,46,0.874101,7476,3,22,0.0224769,1
8943235603,46,0.874101,6945,3,22,0.0224769,1
8943235603,46,0.874101,6781,3,22,0.0224769,1
8943235603,46,0.862944,5684,2,22,0.0224769,1
8943235603,47,0.794004,4836,2,22,0.0224769,1
8943235603,47,0.759223,4481,2,22,0.0224769,1
8943235603,47,0.621469,1853,2,22,0.0224769,1
8943235603,47,0.550356,2070,2,22,0.0224769,1
8943235603,48,0.550356,441,2,22,0.0224769,1
8943235603,48,0.521405,-798,2,22,0.0224769,1
8943235603,48,0.813417,5286,2,25,0.0224769,1
8943235603,48,0.794004,7778,2,24,0.0224769,1
8943235603,49,0.794004,8265,2,24,0.0224769,1
8943235603,49,0.794004,7798,2,24,0.0224769,1
8943235603,49,0.862944,7023,2,24,0.0224769,1
8943235603,49,0.874101,7748,2,24,0.0224769,1
8943235603,50,0.891185,7553,2,24,0.0224769,1
8943235603,50,0.90099,8210,2,24,0.0224769,1
8943235603,50,0.891185,8290,2,24,0.0224769,1
8943235603,50,0.891185,7457,2,24,0.0224769,1
8943235603,51,0.891185,7004,2,24,0.0224769,1
8943235603,51,0.891185,6230,2,24,0.0224769,1
8943235603,51,0.891185,6820,2,24,0.0224769,1
8943235603,51,0.891185,6895,2,24,0.0224769,1
8943235603,52,0.891185,8113,2,25,0.0224769,1
8943235603,52,0.891185,8522,2,25,0.0224769,1
8943235603,52,0.891185,7840,2,25,0.0224769,1
8943235603,52,0.891185,7977,2,25,0.0224769,1
8943235603,53,0.90099,9682,2,25,0.0224769,1
8943235603,53,0.90099,10394,2,25,0.0224769,1
8943235603,53,0.891185,10150,2,25,0.0224769,1
8943235603,53,0.891185,10554,2,25,0.0224769,1
8943235603,54,0.891185,10969,2,25,0.0224769,1
8943235603,54,0.891185,11002,2,25,0.0224769,1
8943235603,54,0.891185,11027,2,25,0.0224769,1
8943235603,54,0.891185,10855,2,25,0.0224769,1
8943235603,55,0.891185,10883,2,25,0.0224769,1
8943235603,55,0.874101,7840,2,24,0.0224769,1
8943235603,55,0.891185,9834,2,25,0.0224769,1
8943235603,56,0.949153,17361,3,26,0.0224769,1
8943235603,56,0.950907,19128,3,26,0.0224769,1
8943235603,56,0.950907,19308,3,26,0.0224769,1
8943235603,56,0.979101,20526,4,26,0.0224769,1
8943235603,57,0.979101,20979,4,26,0.0224769,1
8943235603,57,0.979101,22679,4,26,0.0224769,1
8943235603,57,0.979101,23389,5,26,0.0224769,1
8943235603,57,0.991736,24149,5,26,0.0224769,1
8943235603,58,0.979101,20877,5,26,0.0224769,1
8943235603,58,0.950907,18056,5,25,0.0224769,1
8943235603,58,0.950907,17279,5,25,0.0224769,1
8943235603,58,0.950907,17254,5,25,0.0224769,1
8943235603,59,0.950907,15632,4,25,0.0224769,1
8943235603,59,0.949153,14123,4,25,0.0224769,1
8943235603,59,0.950907,16302,4,25,0.0224769,1
8943235603,59,0.950907,18950,4,25,0.0224769,1
8943235603,60,0.950907,19416,4,25,0.0224769,1
8943235603,60,0.950907,19366,4,25,0.0224769,1
8943235603,60,0.950907,19280,4,25,0.0224769,1
8943235603,60,0.979101,23547,4,26,0.0224769,1
8943235603,61,0.972028,22762,4,26,0.0224769,1
8943235603,61,0.950907,22420,4,26,0.0224769,1
8943235603,61,0.950907,21120,4,26,0.0224769,1
8943235603,61,0.950907,21962,4,26,0.0224769,1
8943235603,62,0.950907,22227,4,26,0.0224769,1
8943235603,62,0.979101,25921,4,27,0.0224769,1
8943235603,62,0.991736,28747,4,28,0.0224769,1
8943235603,62,0.991736,28921,4,28,0.0224769,1
8943235603,63,0.991736,29418,4,28,0.0224769,1
8943235603,63,0.991736,27081,4,28,0.0224769,1
8943235603,63,0.991736,31549,4,28,0.0224769,1
8943235603,63,0.991736,32115,4,28,0.0224769,1
8943235603,64,0.991736,32427,4,28,0.0224769,1
8943235603,64,0.991736,32163,4,28,0.0224769,1
8943235603,64,0.997,35052,5,29,0.0224769,1
8943235603,64,0.997,48270,5,31,0.0224769,1
8943235603,65,0.997,49130,5,31,0.0224769,1
8943235603,65,0.997,49830,,32,0.0224769,1
8943235603,65,0.997,49830,,32,-0.0831347,1
8943235603,65,0.997,49880,,32,-0.0831347,1
8943235603,65,0.997,49880,,32,-0.0831347,1
8943267925,14,0.43594,904,-2,0,-0.275741,1
8943267925,15,0.452794,1548,-2,0,-0.275741,1
8943267925,15,0.452794,1524,-2,0,-0.275741,1
8943267925,15,0.452794,1877,-2,1,-0.275741,1
8943267925,15,0.521405,2774,-1,1,-0.275741,1
8943267925,16,0.521405,2676,-1,1,-0.275741,1
8943267925,16,0.550356,3323,-1,2,-0.275741,1
8943267925,16,0.550356,3151,-1,2,-0.275741,1
8943267925,17,0.550356,3840,0,2,-0.275741,1
8943267925,17,0.550356,3640,0,2,-0.275741,1
8943267925,17,0.550356,3614,0,2,-0.275741,1
8943267925,17,0.550356,3562,0,2,-0.275741,1
8943267925,18,0.552204,4019,0,2,-0.275741,1
8943267925,18,0.629745,4589,0,2,-0.275741,1
8943267925,18,0.629745,4939,0,2,-0.275741,1
8943267925,18,0.629745,4726,0,2,-0.275741,1
8943267925,19,0.629745,4948,0,2,-0.275741,1
8943267925,19,0.622826,4257,0,2,-0.275741,1
8943267925,19,0.629745,4912,1,2,-0.275741,1
8943267925,19,0.629745,4912,1,2,-0.275741,1
8943267925,20,0.665984,4936,1,2,-0.275741,1
8943267925,20,0.622826,4086,0,2,-0.275741,1
8943267925,20,0.665984,6411,0,2,-0.275741,1
8943267925,20,0.663366,6430,0,2,-0.275741,1
8943267925,21,0.629745,6266,0,2,-0.275741,1
8943267925,21,0.629745,6291,0,2,-0.275741,1
8943267925,21,0.622826,5840,0,2,-0.275741,1
8943267925,21,0.622826,6289,0,2,-0.275741,1
8943267925,22,0.622826,6369,0,2,-0.275741,1
8943267925,22,0.622826,6492,0,2,-0.275741,1
8943267925,22,0.629745,6312,0,2,-0.275741,1
8943267925,22,0.794004,8110,0,4,-0.275741,1
8943267925,23,0.813417,8418,0,4,-0.275741,1
8943267925,23,0.862944,8937,0,5,-0.275741,1
8943267925,23,0.891185,9387,1,5,-0.275741,1
8943267925,23,0.891185,9387,1,5,-0.275741,1
8943267925,23,0.891185,9387,1,5,-0.275741,1
8943267925,23,0.891185,9387,1,5,-0.275741,1
8943267925,23,0.891185,9387,1,5,-0.275741,1
8943267925,23,0.891185,9387,1,5,-0.275741,1
8943267925,23,0.891185,9387,1,5,-0.275741,1
8943267925,23,0.891185,9387,1,5,-0.275741,1
8943267925,23,0.891185,9387,1,5,-0.275741,1
8943267925,23,0.891185,9387,1,5,-0.275741,1
8943267925,23,0.891185,9413,1,5,-0.275741,1
8943267925,23,0.891185,9567,1,5,-0.275741,1
8943267925,24,0.891185,9771,1,5,-0.275741,1
8943267925,24,0.928315,10252,1,6,-0.275741,1
8943267925,24,0.874101,9700,1,5,-0.275741,1
8943267925,24,0.891185,10929,1,5,-0.275741,1
8943267925,25,0.891185,11192,1,5,-0.275741,1
8943267925,25,0.891185,11498,1,5,-0.275741,1
8943267925,25,0.891185,11329,1,5,-0.275741,1
8943267925,25,0.891185,11255,1,5,-0.275741,1
8943267925,26,0.891185,10737,1,6,-0.275741,1
8943267925,26,0.891185,10724,1,6,-0.275741,1
8943267925,26,0.891185,10586,1,6,-0.275741,1
8943267925,26,0.891185,11248,1,6,-0.275741,1
8943267925,27,0.891185,11421,1,6,-0.275741,1
8943267925,27,0.891185,11834,1,7,-0.275741,1
8943267925,27,0.950907,12085,1,8,-0.275741,1
8943267925,27,0.950907,12341,1,8,-0.275741,1
8943267925,28,0.891185,11579,1,8,-0.275741,1
8943267925,28,0.891185,10994,1,8,-0.275741,1
8943267925,28,0.891185,12044,1,8,-0.275741,1
8943267925,28,0.891185,11715,1,8,-0.275741,1
8943267925,29,0.794004,10232,1,6,-0.275741,1
8943267925,29,0.794004,8792,1,7,-0.275741,1
8943267925,29,0.672048,6363,1,6,-0.275741,1
8943267925,29,0.750903,6747,1,7,-0.275741,1
8943267925,30,0.759223,7116,1,7,-0.275741,1
8943267925,30,0.759223,7036,1,7,-0.275741,1
8943267925,30,0.794004,7005,1,7,-0.275741,1
8943267925,30,0.794004,7005,1,7,-0.275741,1
8943267925,30,0.794004,7005,1,7,-0.275741,1
8943267925,30,0.794004,7005,1,7,-0.275741,1
8943267925,30,0.742373,6501,1,7,-0.275741,1
8943267925,31,0.742373,6937,1,7,-0.275741,1
8943267925,31,0.759223,7652,1,7,-0.275741,1
8943267925,31,0.750903,7255,1,7,-0.275741,1
8943267925,31,0.742373,6753,1,7,-0.275741,1
8943267925,32,0.672048,5610,1,7,-0.275741,1
8943267925,32,0.550356,4455,1,6,-0.275741,1
8943267925,32,0.43594,3466,1,5,-0.275741,1
8943267925,32,0.459459,4043,1,5,-0.275741,1
8943267925,33,0.404362,720,1,4,-0.275741,1
8943267925,33,0.404362,584,1,4,-0.275741,1
8943267925,33,0.323477,-613,0,4,-0.275741,1
8943267925,33,0.323477,-741,0,4,-0.275741,1
8943267925,34,0.300532,-2222,-1,3,-0.275741,1
8943267925,34,0.286115,-2622,-1,3,-0.275741,1
8943267925,34,0.286115,-3219,-1,3,-0.275741,1
8943267925,35,0.248428,-3839,-1,3,-0.275741,1
8943267925,35,0.248428,-3940,-1,3,-0.275741,1
8943267925,35,0.248428,-4200,-1,3,-0.275741,1
8943267925,35,0.323477,-2365,-1,3,-0.275741,1
8943267925,36,0.323477,-2164,-1,3,-0.275741,1
8943267925,36,0.300532,-2503,-1,3,-0.275741,1
8943267925,36,0.300532,-2863,-1,3,-0.275741,1
8943267925,36,0.286115,-3276,-1,3,-0.275741,1
8943267925,37,0.286115,-2996,-1,3,-0.275741,1
8943267925,37,0.289062,-2476,-1,3,-0.275741,1
8943267925,37,0.244186,-4454,-1,2,-0.275741,1
8943267925,37,0.248428,-4738,-1,2,-0.275741,1
8943267925,38,0.244186,-5510,-1,2,-0.275741,1
8943267925,38,0.323477,-4656,-1,3,-0.275741,1
8943267925,38,0.377778,-4620,-1,3,-0.275741,1
8943267925,38,0.323477,-5210,-1,3,-0.275741,1
8943267925,39,0.389937,-4809,-1,3,-0.275741,1
8943267925,39,0.404878,-4787,-1,3,-0.275741,1
8943267925,39,0.404878,-4677,-1,3,-0.275741,1
8943267925,39,0.404878,-4684,-1,3,-0.275741,1
8943267925,40,0.248428,-6020,-1,2,-0.275741,1
8943267925,40,0.187305,-7215,-1,1,-0.275741,1
8943267925,40,0.169261,-13150,-1,0,-0.275741,1
8943267925,40,0.160839,-14998,-1,0,-0.275741,1
8943267925,41,0.169261,-13079,-1,1,-0.275741,1
8943267925,41,0.170279,-11045,-1,1,-0.275741,1
8943267925,41,0.244186,-9919,-1,2,-0.275741,1
8943267925,41,0.244186,-9750,-1,2,-0.275741,1
8943267925,42,0.244186,-9500,-1,2,-0.275741,1
8943267925,42,0.214286,-9951,-1,2,-0.275741,1
8943267925,42,0.170279,-12997,-1,1,-0.275741,1
8943267925,42,0.286115,-9321,-1,2,-0.275741,1
8943267925,43,0.187305,-12352,-1,2,-0.275741,1
8943267925,43,0.389937,-8285,-1,5,-0.275741,1
8943267925,43,0.496942,-4567,-1,6,-0.275741,1
8943267925,43,0.496942,-4567,-1,6,-0.275741,1
8943267925,43,0.550356,-3778,-1,6,-0.275741,1
8943267925,43,0.552204,-3401,-1,6,-0.275741,1
8943267925,44,0.586066,-2505,-1,6,-0.275741,1
8943267925,44,0.629745,-320,0,6,-0.275741,1
8943267925,44,0.750903,2868,1,7,-0.275741,1
8943267925,44,0.960396,5234,,8,0.0431387,1
8943267925,44,0.960396,5210,,8,0.0431387,1
8943267925,44,0.972028,5188,,8,0.0431387,1
8943357930,31,0.201036,-12987,-1,1,1.08159,1
8943357930,32,0.201036,-13926,-1,1,1.08159,1
8943357930,32,0.201036,-14502,-1,1,1.08159,1
8943357930,32,0.19398,-12991,-1,1,1.08159,1
8943357930,32,0.19398,-12920,-1,1,1.08159,1
8943357930,33,0.19398,-13461,-1,1,1.08159,1
8943357930,33,0.132867,-13384,-1,1,1.08159,1
8943357930,33,0.201036,-12769,0,1,1.08159,1
8943357930,33,0.201036,-12730,0,1,1.08159,1
8943357930,34,0.201036,-12736,0,1,1.08159,1
8943357930,34,0.201036,-12601,0,1,1.08159,1
8943357930,34,0.208333,-12091,0,1,1.08159,1
8943357930,34,0.208333,-12156,0,1,1.08159,1
8943357930,35,0.201036,-12258,0,1,1.08159,1
8943357930,35,0.201036,-12305,0,1,1.08159,1
8943357930,35,0.132867,-14558,0,0,1.08159,1
8943357930,35,0.132867,-13893,0,0,1.08159,1
8943357930,36,0.132867,-14101,0,0,1.08159,1
8943357930,36,0.132867,-14824,0,0,1.08159,1
8943357930,36,0.130542,-14952,0,0,1.08159,1
8943357930,37,0.130542,-15339,0,0,1.08159,1
8943357930,37,0.132867,-15378,0,0,1.08159,1
8943357930,37,0.130542,-16148,0,0,1.08159,1
8943357930,37,0.130542,-16746,0,0,1.08159,1
8943357930,38,0.132867,-15807,0,0,1.08159,1
8943357930,38,0.132867,-15708,0,0,1.08159,1
8943357930,38,0.132867,-15802,0,0,1.08159,1
8943357930,38,0.130542,-18958,0,-1,1.08159,1
8943357930,39,0.130542,-17025,0,-1,1.08159,1
8943357930,39,0.130542,-16328,0,-1,1.08159,1
8943357930,39,0.130542,-16297,0,-1,1.08159,1
8943357930,39,0.130542,-16507,0,-1,1.08159,1
8943357930,40,0.130542,-17237,0,-1,1.08159,1
8943357930,40,0.130542,-16761,0,-1,1.08159,1
8943357930,40,0.132867,-16177,0,-1,1.08159,1
8943357930,40,0.19398,-16759,0,-1,1.08159,1
8943357930,41,0.201036,-16513,1,-1,1.08159,1
8943357930,41,0.201036,-16771,1,-1,1.08159,1
8943357930,41,0.201036,-15813,2,-1,1.08159,1
8943357930,41,0.19398,-16640,2,-1,1.08159,1
8943357930,42,0.132867,-16417,2,-1,1.08159,1
8943357930,42,0.132867,-16636,2,-1,1.08159,1
8943357930,42,0.132867,-16588,2,-1,1.08159,1
8943357930,42,0.132867,-16933,2,-1,1.08159,1
8943357930,43,0.132867,-17230,2,-1,1.08159,1
8943357930,43,0.136364,-16962,2,-1,1.08159,1
8943357930,43,0.19398,-15906,2,-1,1.08159,1
8943357930,43,0.201036,-16534,2,-1,1.08159,1
8943357930,44,0.201036,-16840,2,-1,1.08159,1
8943357930,44,0.201036,-17793,2,-1,1.08159,1
8943357930,44,0.19398,-17338,2,-1,1.08159,1
8943357930,44,0.130542,-18164,2,-2,1.08159,1
8943357930,45,0.130542,-19050,1,-2,1.08159,1
8943357930,45,0.132867,-18827,1,-2,1.08159,1
8943357930,45,0.132867,-18478,1,-2,1.08159,1
8943357930,45,0.132867,-19538,1,-2,1.08159,1
8943357930,46,0.175,-18757,1,-2,1.08159,1
8943357930,46,0.175,-18493,1,-2,1.08159,1
8943357930,46,0.175,-18572,1,-2,1.08159,1
8943357930,46,0.208333,-16899,1,-1,1.08159,1
8943357930,47,0.208333,-16414,1,-1,1.08159,1
8943357930,47,0.252525,-14978,1,-1,1.08159,1
8943357930,47,0.252525,-13812,1,-1,1.08159,1
8943357930,47,0.201036,-16767,1,-2,1.08159,1
8943357930,48,0.201036,-16912,1,-2,1.08159,1
8943357930,48,0.19398,-17786,1,-2,1.08159,1
8943357930,48,0.19398,-17818,1,-2,1.08159,1
8943357930,48,0.132867,-19125,1,-2,1.08159,1
8943357930,49,0.094293,-23129,1,-4,1.08159,1
8943357930,49,0.062718,-27067,1,-6,1.08159,1
8943357930,49,0.062718,-29417,1,-6,1.08159,1
8943357930,50,0.094293,-34971,1,-6,1.08159,1
8943357930,50,0.094293,-34596,1,-6,1.08159,1
8943357930,50,0.111628,-34931,1,-6,1.08159,1
8943357930,50,0.111628,-34956,1,-6,1.08159,1
8943357930,51,0.132867,-28510,1,-4,1.08159,1
8943357930,51,0.132867,-28060,1,-4,1.08159,1
8943357930,51,0.132867,-28328,1,-4,1.08159,1
8943357930,51,0.132867,-25981,1,-4,1.08159,1
8943357930,52,0.111628,-24735,1,-4,1.08159,1
8943357930,52,0.094293,-24215,1,-4,1.08159,1
8943357930,52,0.132867,-22396,1,-4,1.08159,1
8943357930,52,0.132867,-22569,1,-4,1.08159,1
8943357930,53,0.208333,-22979,1,-4,1.08159,1
8943357930,53,0.201036,-23724,1,-4,1.08159,1
8943357930,53,0.201036,-24070,1,-4,1.08159,1
8943357930,53,0.201036,-24915,1,-4,1.08159,1
8943357930,54,0.201036,-24220,1,-4,1.08159,1
8943357930,54,0.21131,-24340,1,-4,1.08159,1
8943357930,54,0.252525,-29040,1,-5,1.08159,1
8943357930,54,0.307323,-24646,1,-2,1.08159,1
8943357930,55,0.307323,-24401,1,-2,1.08159,1
8943357930,55,0.310479,-22365,1,-2,1.08159,1
8943357930,55,0.310479,-23394,1,-2,1.08159,1
8943357930,55,0.378426,-19239,2,-2,1.08159,1
8943357930,56,0.33162,-18697,2,-2,1.08159,1
8943357930,56,0.380325,-18246,2,-2,1.08159,1
8943357930,56,0.378426,-18585,2,-2,1.08159,1
8943357930,56,0.378426,-17701,2,-2,1.08159,1
8943357930,57,0.359504,-18575,2,-2,1.08159,1
8943357930,57,0.310479,-19161,2,-2,1.08159,1
8943357930,57,0.310479,-19280,2,-2,1.08159,1
8943357930,57,0.310479,-19801,2,-2,1.08159,1
8943357930,58,0.378426,-19138,2,-2,1.08159,1
8943357930,58,0.310479,-19635,2,-2,1.08159,1
8943357930,58,0.310479,-20203,2,-2,1.08159,1
8943357930,58,0.310479,-20764,2,-2,1.08159,1
8943357930,59,0.307323,-21191,1,-2,1.08159,1
8943357930,59,0.307323,-21618,1,-2,1.08159,1
8943357930,59,0.310479,-21582,1,-2,1.08159,1
8943357930,59,0.277228,-21417,1,-2,1.08159,1
8943357930,60,0.307323,-20719,1,-2,1.08159,1
8943357930,60,0.378426,-18774,1,-2,1.08159,1
8943357930,60,0.378426,-19065,1,-2,1.08159,1
8943357930,60,0.307323,-20811,1,-2,1.08159,1
8943357930,61,0.344828,-20394,1,-2,1.08159,1
8943357930,61,0.344828,-20479,1,-2,1.08159,1
8943357930,61,0.307323,-21293,1,-2,1.08159,1
8943357930,61,0.307323,-21199,1,-2,1.08159,1
8943357930,62,0.307323,-21212,1,-2,1.08159,1
8943357930,62,0.359504,-20908,2,-2,1.08159,1
8943357930,62,0.208333,-24761,2,-3,1.08159,1
8943357930,63,0.310479,-21529,2,-2,1.08159,1
8943357930,63,0.413562,-11148,2,-1,1.08159,1
8943357930,63,0.413562,-8673,2,-2,1.08159,1
8943357930,63,0.413562,-9919,2,-2,1.08159,1
8943357930,64,0.412844,-12062,2,-2,1.08159,1
8943357930,64,0.413562,-11051,2,-2,1.08159,1
8943357930,64,0.413562,-11397,2,-2,1.08159,1
8943357930,64,0.413562,-8320,2,-2,1.08159,1
8943357930,65,0.413562,-7567,2,-2,1.08159,1
8943357930,65,0.471988,-5666,2,-1,1.08159,1
8943357930,65,0.495043,-3401,2,-1,1.08159,1
8943357930,65,0.526917,-2258,2,-1,1.08159,1
8943357930,66,0.495043,-1299,2,-1,1.08159,1
8943357930,66,0.554795,819,3,-1,1.08159,1
8943357930,66,0.549098,906,3,-1,1.08159,1
8943357930,66,0.526917,303,3,-1,1.08159,1
8943357930,67,0.495043,623,3,-1,1.08159,1
8943357930,67,0.634916,110,3,-1,1.08159,1
8943357930,67,0.634916,516,3,-1,1.08159,1
8943357930,67,0.66539,-176,3,-1,1.08159,1
8943357930,68,0.634916,-140,3,-1,1.08159,1
8943357930,68,0.634916,148,3,-1,1.08159,1
8943357930,68,0.669951,3718,3,0,1.08159,1
8943357930,68,0.634916,1616,3,-1,1.08159,1
8943357930,69,0.66539,2873,3,1,1.08159,1
8943357930,69,0.972028,12522,5,3,1.08159,1
8943357930,69,0.952542,12242,,3,0.142352,1
8943357930,69,0.952542,12242,,3,0.142352,1
8943357930,69,0.952542,12242,,3,0.142352,1
8943357930,69,0.952542,12242,,3,0.142352,1
8943357930,69,0.952542,12242,,3,0.142352,1
8943357930,69,0.952542,12242,,3,0.142352,1
8943357930,69,0.952542,12242,,3,0.142352,1
8943357930,69,0.952542,12242,,3,0.142352,1
8943357930,69,0.952542,12242,,3,0.142352,1
8943357930,69,0.952542,12242,,3,0.142352,1
8943357930,69,0.952542,12242,,3,0.142352,1
8943357930,69,0.952542,12242,,3,0.142352,1
8943357930,69,0.952542,12242,,3,0.142352,1
8943357930,69,0.952542,12242,,3,0.142352,1
8943357930,69,0.952542,12242,,3,0.142352,1
8943357930,69,0.952542,12242,,3,0.142352,1
8943357930,69,0.952542,12242,,3,0.142352,1
8943357930,69,0.952542,12242,,3,0.142352,1
8943357930,69,0.952542,12242,,3,0.142352,1
8943357930,69,0.952542,12242,,3,0.142352,1
8943357930,69,0.952542,12242,,3,0.142352,1
8943357930,69,0.952542,12242,,3,0.142352,1
8943357930,69,0.952542,12242,,3,0.142352,1
8943357930,69,0.952542,12242,,3,0.142352,1
8943357930,69,0.952542,12242,,3,0.142352,1
8943357930,69,0.952542,12242,,3,0.142352,1
8943357930,69,0.952542,12242,,3,0.142352,1
8943357930,69,0.952542,12242,,3,0.142352,1
8943357930,69,0.952542,12242,,3,0.142352,1
8943357930,69,0.952542,12242,,3,0.142352,1
8943357930,69,0.952542,12242,,3,0.142352,1
8943357930,69,0.952542,12242,,3,0.142352,1
8943357930,69,0.952542,12242,,3,0.142352,1
8943357930,69,0.952542,12242,,3,0.142352,1
8943357930,69,0.952542,12242,,3,0.142352,1
8943357930,69,0.952542,12242,,3,0.142352,1
8943357930,69,0.952542,12242,,3,0.142352,1
8943357930,69,0.952542,12242,,3,0.142352,1
8943357930,69,0.952542,12242,,3,0.142352,1
8943357930,69,0.952542,12242,,3,0.142352,1
8943357930,69,0.952542,12242,,3,0.142352,1
8943357930,69,0.952542,12242,,3,0.142352,1
8943357930,69,0.952542,12242,,3,0.142352,1
8943357930,69,0.952542,12242,,3,0.142352,1
8943357930,69,0.952542,12242,,3,0.142352,1
8943357930,69,0.952542,12242,,3,0.142352,1
8943357930,69,0.952542,12242,,3,0.142352,1
8943357930,69,0.952542,12242,,3,0.142352,1
8943357930,69,0.952542,12242,,3,0.142352,1
8943357930,69,0.952542,12242,,3,0.142352,1
8943357930,69,0.952542,12242,,3,0.142352,1
8943357930,69,0.952542,12242,,3,0.142352,1
8943357930,69,0.952542,12242,,3,0.142352,1
8943357930,69,0.952542,12242,,3,0.142352,1
8943357930,69,0.952542,12242,,3,0.142352,1
8943357930,69,0.952542,12242,,3,0.142352,1
8943357930,69,0.952542,12242,,3,0.142352,1
8943357930,69,0.952542,12242,,3,0.142352,1
8943357930,69,0.952542,12242,,3,0.142352,1
8943357930,69,0.952542,12242,,3,0.142352,1
8943357930,69,0.952542,12242,,3,0.142352,1
8943357930,69,0.952542,12242,,3,0.142352,1
8943357930,69,0.952542,12242,,3,0.142352,1
8943357930,69,0.952542,12242,,3,0.142352,1
8943357930,69,0.952542,12242,,3,0.142352,1
8943357930,69,0.952542,12242,,3,0.142352,1
8943357930,69,0.952542,12242,,3,0.142352,1
8943357930,69,0.952542,12242,,3,0.142352,1
8943357930,69,0.952542,12242,,3,0.142352,1
8943357930,69,0.952542,12242,,3,0.142352,1
8943357930,69,0.952542,12242,,3,0.142352,1
8943357930,69,0.952542,12242,,3,0.142352,1
8943357930,69,0.952542,12242,,3,0.142352,1
8943357930,69,0.952542,12242,,3,0.142352,1
8943357930,69,0.952542,12242,,3,0.142352,1
8943357930,69,0.952542,12242,,3,0.142352,1
8943357930,69,0.952542,12242,,3,0.142352,1
8943357930,22,0.187305,-12982,-2,-3,0.850817,1
8943357930,23,0.187305,-13370,-2,-3,0.850817,1
8943357930,23,0.187305,-13534,-2,-3,0.850817,1
8943357930,23,0.187305,-14049,-2,-3,0.850817,1
8943357930,24,0.187305,-12600,-1,-2,0.850817,1
8943357930,24,0.187305,-13042,-1,-2,0.850817,1
8943357930,24,0.187305,-13174,-1,-2,0.850817,1
8943357930,24,0.187305,-13244,-1,-2,0.850817,1
8943357930,25,0.187305,-13546,-2,-2,0.850817,1
8943357930,25,0.187305,-13335,-2,-2,0.850817,1
8943357930,25,0.187305,-14067,-2,-2,0.850817,1
8943357930,25,0.187305,-14357,-2,-2,0.850817,1
8943357930,25,0.187305,-14357,-2,-2,0.850817,1
8943357930,25,0.180212,-14413,-2,-2,0.850817,1
8943357930,26,0.180212,-14585,-2,-2,0.850817,1
8943357930,26,0.187305,-13080,-2,-1,0.850817,1
8943357930,26,0.187305,-14165,-2,-2,0.850817,1
8943357930,26,0.187305,-14094,-2,-2,0.850817,1
8943357930,27,0.187305,-12881,-2,-1,0.850817,1
8943357930,27,0.187305,-13166,-2,-1,0.850817,1
8943357930,27,0.187305,-13279,-2,-1,0.850817,1
8943357930,27,0.187305,-13398,-2,-1,0.850817,1
8943357930,28,0.248428,-13195,-2,-1,0.850817,1
8943357930,28,0.286115,-12394,-2,0,0.850817,1
8943357930,28,0.286115,-12780,-2,0,0.850817,1
8943357930,28,0.286115,-13470,-2,0,0.850817,1
8943357930,29,0.248428,-13207,-1,0,0.850817,1
8943357930,29,0.248428,-13531,-1,0,0.850817,1
8943357930,29,0.248428,-12892,-1,0,0.850817,1
8943357930,29,0.248428,-13009,-1,0,0.850817,1
8943357930,30,0.214286,-13993,-1,-1,0.850817,1
8943357930,30,0.213235,-14342,-1,-1,0.850817,1
8943357930,30,0.300532,-12190,-1,1,0.850817,1
8943357930,30,0.286115,-12612,-1,1,0.850817,1
8943357930,31,0.286115,-13074,-1,1,0.850817,1
8943357930,31,0.286115,-12673,-1,1,0.850817,1
8943357930,31,0.300532,-12578,-1,1,0.850817,1
8943357930,31,0.300532,-12634,-1,1,0.850817,1
8943357930,32,0.248428,-13757,-1,1,0.850817,1
8943357930,32,0.244186,-14353,-1,1,0.850817,1
8943357930,32,0.300532,-12885,-1,1,0.850817,1
8943357930,32,0.300532,-12854,-1,1,0.850817,1
8943357930,33,0.286115,-13355,-1,1,0.850817,1
8943357930,33,0.244186,-13561,-1,1,0.850817,1
8943357930,33,0.286115,-12403,0,1,0.850817,1
8943357930,33,0.248428,-12820,0,1,0.850817,1
8943357930,34,0.286115,-12578,0,1,0.850817,1
8943357930,34,0.286115,-12638,0,1,0.850817,1
8943357930,34,0.286115,-12010,0,1,0.850817,1
8943357930,34,0.286115,-12227,0,1,0.850817,1
8943357930,35,0.323477,-12175,0,1,0.850817,1
8943357930,35,0.323477,-12317,0,1,0.850817,1
8943357930,35,0.170279,-14570,0,0,0.850817,1
8943357930,35,0.170279,-14304,0,0,0.850817,1
8943357930,36,0.180212,-13990,0,0,0.850817,1
8943357930,36,0.170279,-14317,0,0,0.850817,1
8943357930,36,0.180212,-15018,0,0,0.850817,1
8943357930,36,0.170279,-15546,0,0,0.850817,1
8943357930,37,0.170279,-15309,0,0,0.850817,1
8943357930,37,0.169261,-16062,0,0,0.850817,1
8943357930,37,0.169261,-16665,0,0,0.850817,1
8943357930,37,0.180212,-15646,0,0,0.850817,1
8943357930,38,0.180212,-15708,0,0,0.850817,1
8943357930,38,0.180212,-15841,0,0,0.850817,1
8943357930,38,0.160839,-18958,0,-1,0.850817,1
8943357930,39,0.169261,-17025,0,-1,0.850817,1
8943357930,39,0.169261,-16691,0,-1,0.850817,1
8943357930,39,0.170279,-16169,0,-1,0.850817,1
8943357930,39,0.170279,-16629,0,-1,0.850817,1
8943357930,40,0.169261,-17154,0,-1,0.850817,1
8943357930,40,0.170279,-16900,0,-1,0.850817,1
8943357930,40,0.173913,-16246,0,-1,0.850817,1
8943357930,40,0.170279,-16709,0,-1,0.850817,1
8943357930,41,0.187305,-16860,1,-1,0.850817,1
8943357930,41,0.187305,-16986,1,-1,0.850817,1
8943357930,41,0.187305,-15862,2,-1,0.850817,1
8943357930,41,0.187305,-16509,2,-1,0.850817,1
8943357930,42,0.187305,-16381,2,-1,0.850817,1
8943357930,42,0.187305,-16643,2,-1,0.850817,1
8943357930,42,0.213235,-16448,2,-1,0.850817,1
8943357930,42,0.187305,-16933,2,-1,0.850817,1
8943357930,43,0.187305,-17230,2,-1,0.850817,1
8943357930,43,0.187305,-16913,2,-1,0.850817,1
8943357930,43,0.244186,-15824,2,-1,0.850817,1
8943357930,43,0.323477,-16369,2,-1,0.850817,1
8943357930,44,0.300532,-16785,2,-1,0.850817,1
8943357930,44,0.289062,-17921,2,-1,0.850817,1
8943357930,44,0.300532,-17094,2,-1,0.850817,1
8943357930,44,0.187305,-18281,2,-2,0.850817,1
8943357930,45,0.187305,-18564,1,-2,0.850817,1
8943357930,45,0.187305,-18827,1,-2,0.850817,1
8943357930,45,0.187305,-18449,1,-2,0.850817,1
8943357930,45,0.187305,-19498,1,-2,0.850817,1
8943357930,46,0.187305,-19055,1,-2,0.850817,1
8943357930,46,0.187305,-18493,1,-2,0.850817,1
8943357930,46,0.187305,-18572,1,-2,0.850817,1
8943357930,46,0.213235,-18135,1,-2,0.850817,1
8943357930,47,0.323477,-16503,1,-1,0.850817,1
8943357930,47,0.389937,-14978,1,-1,0.850817,1
8943357930,47,0.389937,-13812,1,-1,0.850817,1
8943357930,47,0.244186,-16766,1,-2,0.850817,1
8943357930,48,0.244186,-17146,1,-2,0.850817,1
8943357930,48,0.244186,-17726,1,-2,0.850817,1
8943357930,48,0.244186,-17594,1,-2,0.850817,1
8943357930,48,0.187305,-19062,1,-2,0.850817,1
8943357930,49,0.187305,-21379,1,-3,0.850817,1
8943357930,49,0.117647,-27067,1,-6,0.850817,1
8943357930,49,0.117647,-29418,1,-6,0.850817,1
8943357930,49,0.160839,-35136,1,-6,0.850817,1
8943357930,50,0.160839,-34737,1,-6,0.850817,1
8943357930,50,0.160839,-35014,1,-6,0.850817,1
8943357930,50,0.160839,-34820,1,-6,0.850817,1
8943357930,50,0.169261,-31207,1,-5,0.850817,1
8943357930,51,0.180212,-27994,1,-4,0.850817,1
8943357930,51,0.180212,-28253,1,-4,0.850817,1
8943357930,51,0.180212,-26375,1,-4,0.850817,1
8943357930,52,0.180212,-25418,1,-4,0.850817,1
8943357930,52,0.170279,-23853,1,-4,0.850817,1
8943357930,52,0.187305,-23223,1,-4,0.850817,1
8943357930,52,0.187305,-22643,1,-4,0.850817,1
8943357930,53,0.300532,-22848,1,-4,0.850817,1
8943357930,53,0.286115,-23536,1,-4,0.850817,1
8943357930,53,0.286115,-24184,1,-4,0.850817,1
8943357930,53,0.248428,-24241,1,-4,0.850817,1
8943357930,54,0.286115,-24347,1,-4,0.850817,1
8943357930,54,0.286115,-24296,1,-4,0.850817,1
8943357930,54,0.389937,-29082,1,-5,0.850817,1
8943357930,54,0.404878,-26612,1,-3,0.850817,1
8943357930,55,0.438525,-24397,1,-2,0.850817,1
8943357930,55,0.459459,-22391,1,-2,0.850817,1
8943357930,55,0.452794,-23519,1,-2,0.850817,1
8943357930,55,0.56701,-19235,2,-2,0.850817,1
8943357930,56,0.56701,-18691,2,-2,0.850817,1
8943357930,56,0.550356,-18831,2,-2,0.850817,1
8943357930,56,0.564286,-18585,2,-2,0.850817,1
8943357930,56,0.5625,-17646,2,-2,0.850817,1
8943357930,57,0.5625,-17764,2,-2,0.850817,1
8943357930,57,0.552204,-19062,2,-2,0.850817,1
8943357930,57,0.521405,-19719,2,-2,0.850817,1
8943357930,57,0.496942,-19686,2,-2,0.850817,1
8943357930,58,0.564286,-19086,2,-2,0.850817,1
8943357930,58,0.56701,-19368,2,-2,0.850817,1
8943357930,58,0.550356,-19867,2,-2,0.850817,1
8943357930,58,0.496942,-20506,2,-2,0.850817,1
8943357930,59,0.464945,-20832,1,-2,0.850817,1
8943357930,59,0.452794,-21615,1,-2,0.850817,1
8943357930,59,0.496942,-21535,1,-2,0.850817,1
8943357930,59,0.438525,-21412,1,-2,0.850817,1
8943357930,60,0.481717,-20555,1,-2,0.850817,1
8943357930,60,0.538462,-18771,1,-2,0.850817,1
8943357930,60,0.521405,-19204,1,-2,0.850817,1
8943357930,60,0.521405,-20428,1,-2,0.850817,1
8943357930,61,0.521405,-20455,1,-2,0.850817,1
8943357930,61,0.496942,-20335,1,-2,0.850817,1
8943357930,61,0.481717,-21289,1,-2,0.850817,1
8943357930,61,0.521405,-21196,1,-2,0.850817,1
8943357930,62,0.521405,-21209,1,-2,0.850817,1
8943357930,62,0.550356,-20828,2,-2,0.850817,1
8943357930,62,0.323477,-24758,2,-3,0.850817,1
8943357930,62,0.550356,-21526,2,-2,0.850817,1
8943357930,63,0.665984,-11079,2,-1,0.850817,1
8943357930,63,0.665984,-10616,2,-1,0.850817,1
8943357930,63,0.665984,-9961,2,-2,0.850817,1
8943357930,63,0.629745,-12059,2,-2,0.850817,1
8943357930,64,0.629745,-11160,2,-2,0.850817,1
8943357930,64,0.629745,-11394,2,-2,0.850817,1
8943357930,64,0.672048,-8317,2,-2,0.850817,1
8943357930,65,0.705479,-7922,2,-2,0.850817,1
8943357930,65,0.705479,-8372,2,-2,0.850817,1
8943357930,65,0.794004,-3489,2,-1,0.850817,1
8943357930,65,0.813417,-2987,2,-1,0.850817,1
8943357930,66,0.813417,-1387,2,-1,0.850817,1
8943357930,66,0.813417,819,3,-1,0.850817,1
8943357930,66,0.813417,866,3,-1,0.850817,1
8943357930,66,0.813417,363,3,-1,0.850817,1
8943357930,67,0.813417,392,3,-1,0.850817,1
8943357930,67,0.891185,1393,3,-1,0.850817,1
8943357930,67,0.874101,408,3,-1,0.850817,1
8943357930,67,0.891185,-176,3,-1,0.850817,1
8943357930,68,0.874101,-188,3,-1,0.850817,1
8943357930,68,0.862944,148,3,-1,0.850817,1
8943357930,68,0.891185,3692,3,0,0.850817,1
8943357930,68,0.891185,1721,3,-1,0.850817,1
8943357930,69,0.891185,214,3,0,0.850817,1
8943357930,69,0.979101,10710,3,3,0.850817,1
8943357930,69,0.979101,12522,,3,0.14667,1
8943357930,69,0.979101,12242,,3,0.14667,1
8943357930,69,0.979101,12242,,3,0.14667,1
8943357930,69,0.979101,12242,,3,0.14667,1
8943357930,69,0.979101,12242,,3,0.14667,1
8943357930,69,0.979101,12242,,3,0.14667,1
8943357930,69,0.979101,12242,,3,0.14667,1
8943357930,69,0.979101,12242,,3,0.14667,1
8943357930,69,0.979101,12242,,3,0.14667,1
8943357930,69,0.979101,12242,,3,0.14667,1
8943357930,69,0.979101,12242,,3,0.14667,1
8943357930,69,0.979101,12242,,3,0.14667,1
8943357930,69,0.979101,12242,,3,0.14667,1
8943357930,69,0.979101,12242,,3,0.14667,1
8943357930,69,0.979101,12242,,3,0.14667,1
8943357930,69,0.979101,12242,,3,0.14667,1
8943357930,69,0.979101,12242,,3,0.14667,1
8943357930,69,0.979101,12242,,3,0.14667,1
8943357930,69,0.979101,12242,,3,0.14667,1
8943357930,69,0.979101,12242,,3,0.14667,1
8943357930,69,0.979101,12242,,3,0.14667,1
8943357930,69,0.979101,12242,,3,0.14667,1
8943357930,69,0.979101,12242,,3,0.14667,1
8943357930,69,0.979101,12242,,3,0.14667,1
8943357930,69,0.979101,12242,,3,0.14667,1
8943357930,69,0.979101,12242,,3,0.14667,1
8943357930,69,0.979101,12242,,3,0.14667,1
8943357930,69,0.979101,12242,,3,0.14667,1
8943357930,69,0.979101,12242,,3,0.14667,1
8943357930,69,0.979101,12242,,3,0.14667,1
8943357930,69,0.979101,12242,,3,0.14667,1
8943357930,69,0.979101,12242,,3,0.14667,1
8943357930,69,0.979101,12242,,3,0.14667,1
8943357930,69,0.979101,12242,,3,0.14667,1
8943357930,69,0.979101,12242,,3,0.14667,1
8943357930,69,0.979101,12242,,3,0.14667,1
8943357930,69,0.979101,12242,,3,0.14667,1
8943357930,69,0.979101,12242,,3,0.14667,1
8943357930,69,0.979101,12242,,3,0.14667,1
8943357930,69,0.979101,12242,,3,0.14667,1
8943357930,69,0.979101,12242,,3,0.14667,1
8943357930,69,0.979101,12242,,3,0.14667,1
8943357930,69,0.979101,12242,,3,0.14667,1
8943357930,69,0.979101,12242,,3,0.14667,1
8943357930,69,0.979101,12242,,3,0.14667,1
8943357930,69,0.979101,12242,,3,0.14667,1
8943357930,69,0.979101,12242,,3,0.14667,1
8943357930,69,0.979101,12242,,3,0.14667,1
8943357930,69,0.979101,12242,,3,0.14667,1
8943357930,69,0.979101,12242,,3,0.14667,1
8943357930,69,0.979101,12242,,3,0.14667,1
8943357930,69,0.979101,12242,,3,0.14667,1
8943357930,69,0.979101,12242,,3,0.14667,1
8943357930,69,0.979101,12242,,3,0.14667,1
8943357930,69,0.979101,12242,,3,0.14667,1
8943357930,69,0.979101,12242,,3,0.14667,1
8943357930,69,0.979101,12242,,3,0.14667,1
8943357930,69,0.979101,12242,,3,0.14667,1
8943357930,69,0.979101,12242,,3,0.14667,1
8943357930,69,0.979101,12242,,3,0.14667,1
8943357930,69,0.979101,12242,,3,0.14667,1
8943357930,69,0.979101,12242,,3,0.14667,1
8943357930,69,0.979101,12242,,3,0.14667,1
8943357930,69,0.979101,12242,,3,0.14667,1
8943357930,69,0.979101,12242,,3,0.14667,1
8943357930,69,0.979101,12242,,3,0.14667,1
8943357930,69,0.979101,12242,,3,0.14667,1
8943357930,69,0.979101,12242,,3,0.14667,1
8943357930,69,0.979101,12242,,3,0.14667,1
8943357930,69,0.979101,12242,,3,0.14667,1
8943357930,69,0.979101,12242,,3,0.14667,1
8943357930,69,0.979101,12242,,3,0.14667,1
8943466067,50,0.66539,6841,0,7,0.0230535,1
8943466067,50,0.634916,5852,0,7,0.0230535,1
8943466067,51,0.66539,6298,0,7,0.0230535,1
8943466067,51,0.66539,6512,0,7,0.0230535,1
8943466067,51,0.634916,5761,0,7,0.0230535,1
8943466067,51,0.634916,6285,0,7,0.0230535,1
8943466067,52,0.634916,5214,0,7,0.0230535,1
8943466067,52,0.634916,5049,0,7,0.0230535,1
8943466067,52,0.587828,4670,0,7,0.0230535,1
8943466067,52,0.554795,4502,0,7,0.0230535,1
8943466067,53,0.669951,8888,0,8,0.0230535,1
8943466067,53,0.669951,9280,0,8,0.0230535,1
8943466067,53,0.634916,5130,0,8,0.0230535,1
8943466067,53,0.669951,10105,0,10,0.0230535,1
8943466067,54,0.669951,11238,0,11,0.0230535,1
8943466067,54,0.718062,12730,0,11,0.0230535,1
8943466067,54,0.718062,13687,0,11,0.0230535,1
8943466067,54,0.718062,15133,0,11,0.0230535,1
8943466067,55,0.718062,15321,0,11,0.0230535,1
8943466067,55,0.718062,15315,0,11,0.0230535,1
8943466067,55,0.915994,16702,1,11,0.0230535,1
8943466067,56,0.915994,16594,1,11,0.0230535,1
8943466067,56,0.910959,15774,1,11,0.0230535,1
8943466067,56,0.915994,16673,1,11,0.0230535,1
8943466067,56,0.915994,16667,1,11,0.0230535,1
8943466067,57,0.915994,17563,1,11,0.0230535,1
8943466067,57,0.915994,18192,1,11,0.0230535,1
8943466067,57,0.915994,17932,1,11,0.0230535,1
8943466067,57,0.962687,21908,1,13,0.0230535,1
8943466067,58,0.962687,21959,1,13,0.0230535,1
8943466067,58,0.952542,23001,1,13,0.0230535,1
8943466067,58,0.952542,22851,1,13,0.0230535,1
8943466067,58,0.952542,24000,1,13,0.0230535,1
8943466067,59,0.923077,24150,1,13,0.0230535,1
8943466067,59,0.923077,24914,1,13,0.0230535,1
8943466067,59,0.923077,25252,1,13,0.0230535,1
8943466067,59,0.923077,25174,1,13,0.0230535,1
8943466067,60,0.923077,24660,1,13,0.0230535,1
8943466067,60,0.923077,25362,1,13,0.0230535,1
8943466067,60,0.915994,24793,1,13,0.0230535,1
8943466067,60,0.915994,24469,1,13,0.0230535,1
8943466067,61,0.915994,24201,1,13,0.0230535,1
8943466067,61,0.923077,25188,1,13,0.0230535,1
8943466067,61,0.915994,24586,1,13,0.0230535,1
8943466067,61,0.923077,25505,1,13,0.0230535,1
8943466067,62,0.923077,25682,1,13,0.0230535,1
8943466067,62,0.952542,26513,1,13,0.0230535,1
8943466067,62,0.923077,25724,1,13,0.0230535,1
8943466067,62,0.915994,26314,1,13,0.0230535,1
8943466067,63,0.915994,26770,1,13,0.0230535,1
8943466067,63,0.915994,27052,1,13,0.0230535,1
8943466067,63,0.915994,27214,1,13,0.0230535,1
8943466067,63,0.915994,27616,1,13,0.0230535,1
8943466067,64,0.915994,28548,1,13,0.0230535,1
8943466067,64,0.843982,24989,1,12,0.0230535,1
8943466067,64,0.843982,22795,1,14,0.0230535,1
8943466067,64,0.952542,33090,1,16,0.0230535,1
8943466067,65,0.962687,35720,1,17,0.0230535,1
8943466067,65,0.962687,37528,1,17,0.0230535,1
8943466067,65,0.962687,37415,1,17,0.0230535,1
8943466067,65,0.962687,39741,1,17,0.0230535,1
8943466067,66,0.972028,41586,1,17,0.0230535,1
8943466067,66,0.976331,42805,2,17,0.0230535,1
8943466067,66,0.985507,44211,2,17,0.0230535,1
8943466067,66,0.98731,44598,2,17,0.0230535,1
8943466067,67,0.98731,44888,2,17,0.0230535,1
8943466067,67,0.98731,43256,2,17,0.0230535,1
8943466067,67,0.98731,44421,2,17,0.0230535,1
8943466067,67,0.98731,44987,2,17,0.0230535,1
8943466067,68,0.98731,45109,2,17,0.0230535,1
8943466067,68,0.98731,46542,2,17,0.0230535,1
8943466067,68,0.992537,48500,2,18,0.0230535,1
8943466067,69,0.992537,48689,2,18,0.0230535,1
8943466067,69,0.992537,49578,2,18,0.0230535,1
8943466067,69,0.992925,50811,2,18,0.0230535,1
8943466067,69,0.98731,51391,2,18,0.0230535,1
8943466067,70,0.98731,54016,3,19,0.0230535,1
8943466067,70,0.98731,55721,3,19,0.0230535,1
8943466067,70,0.98731,55853,3,19,0.0230535,1
8943466067,70,0.992925,61636,3,20,0.0230535,1
8943466067,71,0.997,64391,4,21,0.0230535,1
8943466067,71,0.997,66894,4,22,0.0230535,1
8943466067,71,0.997,67194,,22,0.0516453,1
8943466067,71,0.997,67194,,22,0.0516453,1
8943466067,71,0.997,67194,,22,0.0516453,1
8943466067,71,0.997,67194,,22,0.0516453,1
8943466067,71,0.997,67194,,22,0.0516453,1
8943477775,59,0.925926,13917,5,14,0.0816952,1
8943477775,59,0.925926,14736,5,14,0.0816952,1
8943477775,59,0.925926,10895,5,13,0.0816952,1
8943477775,60,0.925926,9996,5,14,0.0816952,1
8943477775,60,0.925926,14533,5,15,0.0816952,1
8943477775,60,0.925926,11776,5,13,0.0816952,1
8943477775,60,0.925926,13100,5,13,0.0816952,1
8943477775,61,0.925926,13038,5,13,0.0816952,1
8943477775,61,0.925926,12993,5,13,0.0816952,1
8943477775,61,0.925926,13156,5,13,0.0816952,1
8943477775,61,0.925926,12483,5,13,0.0816952,1
8943477775,62,0.925926,12548,5,13,0.0816952,1
8943477775,62,0.925926,11669,5,13,0.0816952,1
8943477775,62,0.925926,11430,5,13,0.0816952,1
8943477775,62,0.925926,11173,5,13,0.0816952,1
8943477775,63,0.925926,10922,5,13,0.0816952,1
8943477775,63,0.925926,10689,5,13,0.0816952,1
8943477775,63,0.925926,10694,5,13,0.0816952,1
8943477775,63,0.925926,11324,5,13,0.0816952,1
8943477775,64,0.925926,11724,5,13,0.0816952,1
8943477775,64,0.849701,7221,5,12,0.0816952,1
8943477775,64,0.916667,10376,5,13,0.0816952,1
8943477775,64,0.925926,12725,5,14,0.0816952,1
8943477775,65,0.916667,10858,5,13,0.0816952,1
8943477775,65,0.89589,10057,5,13,0.0816952,1
8943477775,65,0.925926,11227,5,13,0.0816952,1
8943477775,65,0.925926,11941,5,13,0.0816952,1
8943477775,66,0.925926,12484,5,13,0.0816952,1
8943477775,66,0.925926,12659,5,13,0.0816952,1
8943477775,66,0.925926,12320,5,13,0.0816952,1
8943477775,66,0.925926,12278,5,13,0.0816952,1
8943477775,67,0.925926,12092,5,13,0.0816952,1
8943477775,67,0.925926,11728,5,13,0.0816952,1
8943477775,67,0.925926,11626,5,13,0.0816952,1
8943477775,91,0.781479,6555,1,15,0.0816952,1
8943477775,91,0.781479,6555,1,15,0.0816952,1
8943477775,91,0.781479,6475,1,15,0.0816952,1
8943477775,91,0.781479,5349,1,15,0.0816952,1
8943477775,92,0.781479,5645,1,15,0.0816952,1
8943477775,92,0.781479,6641,1,15,0.0816952,1
8943477775,92,0.781479,7073,1,15,0.0816952,1
8943477775,92,0.634916,-13841,1,14,0.0816952,1
8943477775,93,0.634916,-13357,1,16,0.0816952,1
8943477775,93,0.718062,3264,1,17,0.0816952,1
8943477775,93,0.823105,15753,1,17,0.0816952,1
8943477775,93,0.843982,22322,1,17,0.0816952,1
8943477775,94,0.843982,23049,1,17,0.0816952,1
8943477775,94,0.962687,51394,4,19,0.0816952,1
8943477775,94,0.843982,1059,4,17,0.0816952,1
8943477775,94,0.761124,1059,,17,-0.202118,1
8943477775,94,0.761124,1059,,17,-0.202118,1
8943477775,94,0.761124,1059,,17,-0.202118,1
8943477775,94,0.761124,1059,,17,-0.202118,1
8943477775,94,0.761124,1059,,17,-0.202118,1
8943477775,94,0.761124,1059,,17,-0.202118,1
8943477775,94,0.634916,-4541,,17,-0.202118,1
8943477775,94,0.634916,-4541,,17,-0.202118,1
8943477775,94,0.634916,-4541,,17,-0.202118,1
8943477775,94,0.634916,-4541,,17,-0.202118,1
8943477775,94,0.634916,-4541,,17,-0.202118,1
8943477775,94,0.634916,-4541,,17,-0.202118,1
8943477775,94,0.634916,-4541,,17,-0.202118,1
8943477775,94,0.634916,-4541,,17,-0.202118,1
8943477775,94,0.634916,-4541,,17,-0.202118,1
8943477775,94,0.634916,-4541,,17,-0.202118,1
8943477775,94,0.634916,-4541,,17,-0.202118,1
8943477775,94,0.634916,-4541,,17,-0.202118,1
8943687609,9,0.634916,1660,0,1,0.14752,1
8943687609,9,0.634916,2058,0,1,0.14752,1
8943687609,9,0.634916,1773,0,1,0.14752,1
8943687609,10,0.634916,1825,0,1,0.14752,1
8943687609,10,0.634916,2013,0,1,0.14752,1
8943687609,10,0.634916,2243,0,1,0.14752,1
8943687609,10,0.634916,2127,0,1,0.14752,1
8943687609,11,0.634916,2324,0,1,0.14752,1
8943687609,11,0.634916,2909,1,1,0.14752,1
8943687609,11,0.634916,2658,1,1,0.14752,1
8943687609,11,0.634916,2202,0,1,0.14752,1
8943687609,12,0.634916,2876,0,2,0.14752,1
8943687609,12,0.634916,2123,0,2,0.14752,1
8943687609,12,0.634916,2690,0,3,0.14752,1
8943687609,12,0.634916,2804,0,3,0.14752,1
8943687609,13,0.634916,2651,0,3,0.14752,1
8943687609,13,0.634916,1334,-1,3,0.14752,1
8943687609,13,0.634916,1249,-1,3,0.14752,1
8943687609,13,0.582902,1244,-1,3,0.14752,1
8943687609,14,0.634916,1443,-1,3,0.14752,1
8943687609,15,0.634916,1407,-1,3,0.14752,1
8943687609,15,0.587828,660,-2,3,0.14752,1
8943687609,16,0.436,-1447,-2,1,0.14752,1
8943687609,16,0.413562,-1906,-2,1,0.14752,1
8943687609,17,0.412844,-2317,-2,1,0.14752,1
8943687609,18,0.359504,-3749,-3,1,0.14752,1
8943687609,18,0.359504,-3750,-3,1,0.14752,1
8943687609,19,0.471988,-2064,-2,4,0.14752,1
8943687609,19,0.471988,-2064,-2,4,0.14752,1
8943687609,19,0.471988,-2064,-2,4,0.14752,1
8943687609,19,0.471988,-2064,-2,4,0.14752,1
8943687609,19,0.471988,-2064,-2,4,0.14752,1
8943687609,19,0.471988,-2064,-2,4,0.14752,1
8943687609,19,0.471988,-2064,-2,4,0.14752,1
8943687609,19,0.471988,-2065,-2,4,0.14752,1
8943687609,19,0.471988,-2065,-2,4,0.14752,1
8943687609,19,0.471988,-2103,-2,4,0.14752,1
8943687609,20,0.495043,-1314,-1,4,0.14752,1
8943687609,20,0.494898,-1763,-1,4,0.14752,1
8943687609,20,0.494898,-1803,-1,4,0.14752,1
8943687609,20,0.489796,-2002,-1,4,0.14752,1
8943687609,21,0.489796,-2146,-1,4,0.14752,1
8943687609,21,0.495043,-2076,-1,4,0.14752,1
8943687609,21,0.489796,-2408,-2,4,0.14752,1
8943687609,21,0.436,-3349,-2,3,0.14752,1
8943687609,22,0.413562,-4144,-2,2,0.14752,1
8943687609,22,0.413562,-3963,-2,2,0.14752,1
8943687609,22,0.410072,-4329,-2,2,0.14752,1
8943687609,22,0.436,-3679,-2,3,0.14752,1
8943687609,23,0.480438,-3518,-2,3,0.14752,1
8943687609,23,0.495043,-3453,-2,3,0.14752,1
8943687609,23,0.495043,-2954,-2,3,0.14752,1
8943687609,24,0.495043,-2704,-2,3,0.14752,1
8943687609,24,0.495043,-2589,-2,3,0.14752,1
8943687609,24,0.495043,-1993,-2,3,0.14752,1
8943687609,24,0.413562,-1897,-2,3,0.14752,1
8943719790,24,0.045752,-25008,-5,-22,0.179737,1
8943719790,24,0.045752,-25337,-5,-22,0.179737,1
8943719790,24,0.045752,-23297,-5,-21,0.179737,1
8943719790,25,0.045752,-23994,-5,-23,0.179737,1
8943719790,25,0.062718,-25122,-5,-24,0.179737,1
8943719790,25,0.031056,-25986,-6,-24,0.179737,1
8943719790,25,0.031056,-28581,-6,-26,0.179737,1
8943719790,26,0.045752,-29906,-6,-27,0.179737,1
8943719790,26,0.031056,-32085,-7,-27,0.179737,1
8943719790,26,0.031056,-32180,-7,-27,0.179737,1
8943719790,26,0.020992,-33737,-9,-27,0.179737,1
8943719790,27,0.031056,-34780,-9,-29,0.179737,1
8943719790,27,0.201036,-34651,,-29,0.179737,1
8943719790,27,0.201036,-34618,,-29,0.179737,1
8943719790,27,0.201036,-34616,,-29,0.179737,1
8943719790,27,0.201036,-34616,,-29,0.179737,1
8943719790,27,0.201036,-34616,,-29,0.179737,1
8943719790,27,0.201036,-34616,,-29,0.179737,1
8943719790,27,0.201036,-34616,,-29,0.179737,1
8943719790,27,0.201036,-34616,,-29,0.179737,1
8943719790,27,0.201036,-34616,,-29,0.179737,1
8943719790,27,0.201036,-34616,,-29,0.179737,1
8943719790,27,0.201036,-34616,,-29,0.179737,1
8943815048,17,0.554795,1082,3,7,0.368334,1
8943815048,17,0.577982,756,3,6,0.368334,1
8943815048,17,0.495043,663,3,6,0.368334,1
8943815048,18,0.471988,701,3,6,0.368334,1
8943815048,18,0.471988,359,3,6,0.368334,1
8943815048,18,0.489796,988,3,7,0.368334,1
8943815048,18,0.495043,710,3,6,0.368334,1
8943815048,19,0.495043,701,3,6,0.368334,1
8943815048,19,0.582902,1522,3,7,0.368334,1
8943815048,19,0.634916,3039,3,9,0.368334,1
8943815048,19,0.634916,2952,3,9,0.368334,1
8943815048,20,0.634916,3062,3,9,0.368334,1
8943815048,20,0.781479,5687,3,10,0.368334,1
8943815048,20,0.781479,6054,3,10,0.368334,1
8943815048,20,0.781479,5632,3,10,0.368334,1
8943815048,21,0.66539,5022,3,9,0.368334,1
8943815048,21,0.634916,4925,2,9,0.368334,1
8943815048,21,0.66539,4756,2,9,0.368334,1
8943815048,21,0.582902,3375,2,8,0.368334,1
8943815048,22,0.634916,4368,2,10,0.368334,1
8943815048,22,0.700368,4288,2,10,0.368334,1
8943815048,22,0.781479,4184,2,10,0.368334,1
8943815048,22,0.781479,3972,1,11,0.368334,1
8943815048,23,0.805025,4406,1,12,0.368334,1
8943815048,23,0.781479,4514,1,12,0.368334,1
8943815048,23,0.805025,5300,1,12,0.368334,1
8943815048,24,0.878472,5768,1,12,0.368334,1
8943815048,24,0.878472,5428,1,12,0.368334,1
8943815048,24,0.781479,4270,1,11,0.368334,1
8943815048,24,0.495043,2322,1,10,0.368334,1
8943815048,25,0.526917,1981,1,10,0.368334,1
8943815048,25,0.495043,1530,1,10,0.368334,1
8943815048,25,0.489796,1413,1,10,0.368334,1
8943847844,13,0.587828,3206,-1,-1,0.0917875,1
8943847844,13,0.587828,3206,-1,-1,0.0917875,1
8943847844,13,0.587828,3206,-1,-1,0.0917875,1
8943847844,13,0.587828,3206,-1,-1,0.0917875,1
8943847844,13,0.634916,3587,-1,0,0.0917875,1
8943847844,14,0.582902,3020,-1,0,0.0917875,1
8943847844,14,0.587828,3153,-1,0,0.0917875,1
8943847844,14,0.554795,3057,-1,0,0.0917875,1
8943847844,14,0.587828,3293,-1,0,0.0917875,1
8943847844,15,0.587828,3605,-1,0,0.0917875,1
8943847844,15,0.554795,3553,-1,0,0.0917875,1
8943847844,15,0.582902,3853,-1,0,0.0917875,1
8943847844,15,0.634916,4329,-1,0,0.0917875,1
8943847844,16,0.66539,4616,-1,0,0.0917875,1
8943847844,16,0.700368,5155,-1,1,0.0917875,1
8944160778,48,0.413562,-20186,2,-10,0.088912,1
8944160778,48,0.413562,-20805,2,-10,0.088912,1
8944160778,48,0.413562,-21619,1,-10,0.088912,1
8944160778,49,0.378426,-21799,1,-10,0.088912,1
8944160778,49,0.495043,-16628,1,-8,0.088912,1
8944160778,49,0.412844,-25543,1,-11,0.088912,1
8944160778,49,0.412844,-25637,1,-11,0.088912,1
8944160778,50,0.344828,-27001,1,-11,0.088912,1
8944160778,50,0.344828,-26775,1,-11,0.088912,1
8944160778,50,0.344828,-27277,1,-11,0.088912,1
8944160778,50,0.344828,-27487,1,-11,0.088912,1
8944160778,51,0.344828,-29007,1,-11,0.088912,1
8944160778,51,0.344828,-29072,1,-11,0.088912,1
8944160778,51,0.344828,-29040,1,-11,0.088912,1
8944160778,51,0.307323,-31849,1,-12,0.088912,1
8944160778,52,0.262069,-32694,0,-12,0.088912,1
8944160778,52,0.201036,-31939,0,-11,0.088912,1
8944160778,52,0.201036,-31556,0,-11,0.088912,1
8944160778,52,0.208333,-29237,0,-10,0.088912,1
8944160778,53,0.208333,-29327,0,-10,0.088912,1
8944160778,53,0.208333,-30080,0,-10,0.088912,1
8944160778,53,0.208333,-29414,0,-10,0.088912,1
8944160778,53,0.272171,-28970,0,-10,0.088912,1
8944160778,54,0.307323,-28385,0,-9,0.088912,1
8944160778,54,0.21131,-28922,0,-9,0.088912,1
8944160778,54,0.378426,-27974,1,-9,0.088912,1
8944160778,54,0.413562,-21144,1,-8,0.088912,1
8944160778,55,0.582902,-19328,1,-8,0.088912,1
8944160778,55,0.582902,-19601,1,-8,0.088912,1
8944160778,55,0.582902,-19359,1,-8,0.088912,1
8944160778,55,0.554795,-19722,1,-8,0.088912,1
8944160778,56,0.587828,-19250,1,-8,0.088912,1
8944160778,56,0.634916,-18375,1,-8,0.088912,1
8944160778,56,0.634916,-18697,1,-8,0.088912,1
8944160778,56,0.634916,-18915,1,-8,0.088912,1
8944160778,57,0.634916,-18172,1,-9,0.088912,1
8944160778,57,0.66539,-14971,1,-8,0.088912,1
8944160778,57,0.773481,-11181,1,-6,0.088912,1
8944160778,58,0.718062,-11495,1,-6,0.088912,1
8944160778,58,0.718062,-11549,1,-6,0.088912,1
8944160778,58,0.718062,-11665,1,-6,0.088912,1
8944160778,58,0.761124,-11437,1,-6,0.088912,1
8944160778,59,0.773481,-10120,1,-6,0.088912,1
8944160778,59,0.761124,-10379,1,-6,0.088912,1
8944160778,59,0.781479,-10379,1,-6,0.088912,1
8944160778,59,0.781479,-8823,1,-6,0.088912,1
8944160778,60,0.761124,-7703,1,-6,0.088912,1
8944160778,60,0.634916,-11000,1,-8,0.088912,1
8944160778,60,0.634916,-11571,1,-8,0.088912,1
8944160778,60,0.634916,-12266,1,-8,0.088912,1
8944160778,61,0.587828,-12748,1,-8,0.088912,1
8944160778,61,0.587828,-13191,1,-8,0.088912,1
8944160778,61,0.591667,-13032,1,-8,0.088912,1
8944160778,61,0.66539,-10309,1,-7,0.088912,1
8944160778,62,0.718062,-7689,1,-6,0.088912,1
8944160778,62,0.781479,-4519,1,-5,0.088912,1
8944160778,62,0.700368,-5849,1,-6,0.088912,1
8944160778,62,0.781479,-3812,1,-5,0.088912,1
8944160778,63,0.78125,-4059,1,-5,0.088912,1
8944160778,63,0.805025,-2318,3,-5,0.088912,1
8944160778,63,0.805025,-2318,,-5,0.088912,1
8944160778,63,0.805025,-2318,,-5,0.088912,1
8944160778,63,0.805025,-2318,,-5,0.088912,1
8944160778,63,0.805025,-2318,,-5,0.088912,1
8944160778,63,0.805025,-2318,,-5,0.088912,1
8944160778,63,0.805025,-2318,,-5,0.088912,1
8944160778,63,0.805025,-2318,,-5,0.088912,1
8944160778,63,0.805025,-2318,,-5,0.088912,1
8944160778,63,0.805025,-2318,,-5,0.088912,1
8944752572,22,0.201036,-10387,-3,-12,0.0230535,1
8944752572,22,0.201036,-11291,-3,-13,0.0230535,1
8944752572,23,0.201036,-11057,-3,-13,0.0230535,1
8944752572,23,0.19398,-11605,-4,-13,0.0230535,1
8944752572,23,0.19398,-12036,-4,-13,0.0230535,1
8944752572,23,0.130542,-12607,-4,-13,0.0230535,1
8944752572,24,0.130542,-12483,-4,-13,0.0230535,1
8944752572,24,0.130542,-13759,-4,-14,0.0230535,1
8944752572,24,0.19398,-14156,-4,-14,0.0230535,1
8944752572,24,0.19398,-13632,-4,-14,0.0230535,1
8944752572,25,0.19398,-13514,-4,-14,0.0230535,1
8944752572,25,0.201036,-13206,-4,-14,0.0230535,1
8944752572,25,0.201036,-13102,-4,-14,0.0230535,1
8944752572,25,0.130542,-13699,-4,-15,0.0230535,1
8944752572,26,0.130542,-13565,-4,-15,0.0230535,1
8944752572,26,0.130542,-13353,-4,-15,0.0230535,1
8944752572,26,0.130542,-12850,-4,-15,0.0230535,1
8944752572,26,0.130542,-13355,-4,-15,0.0230535,1
8944752572,27,0.201036,-12835,-4,-15,0.0230535,1
8944752572,27,0.111628,-14853,-4,-18,0.0230535,1
8944752572,27,0.045752,-15604,-4,-18,0.0230535,1
8944752572,27,0.031056,-15874,-5,-18,0.0230535,1
8944752572,28,0.020992,-17117,-6,-18,0.0230535,1
8944752572,28,0.020992,-17316,-6,-18,0.0230535,1
8944752572,28,0.020992,-17708,-6,-18,0.0230535,1
8944752572,29,0.020992,-16132,-6,-18,0.0230535,1
8944752572,29,0.031056,-14867,-5,-18,0.0230535,1
8944752572,29,0.042254,-14480,-5,-18,0.0230535,1
8944752572,29,0.031056,-14710,-5,-18,0.0230535,1
8944752572,30,0.031056,-14567,-5,-18,0.0230535,1
8944752572,30,0.031056,-14826,-5,-19,0.0230535,1
8944752572,30,0.031056,-15194,-5,-19,0.0230535,1
8944752572,30,0.020992,-16626,-5,-20,0.0230535,1
8944752572,31,0.031056,-17920,-5,-21,0.0230535,1
8944752572,31,0.031056,-18791,-5,-21,0.0230535,1
8944752572,31,0.020992,-18824,-5,-21,0.0230535,1
8944752572,31,0.017442,-20653,-6,-21,0.0230535,1
8944752572,32,0.003,-22771,-7,-21,0.0230535,1
8944752572,32,0.003,-22713,-7,-21,0.0230535,1
8944752572,32,0.003,-23117,-7,-21,0.0230535,1
8944752572,32,0.003,-24939,-7,-21,0.0230535,1
8944752572,33,0.003,-24893,-7,-21,0.0230535,1
8944752572,33,0.003,-24331,-6,-21,0.0230535,1
8944752572,33,0.003,-24255,-6,-22,0.0230535,1
8944752572,33,0.003,-23838,-6,-22,0.0230535,1
8944752572,34,0.003,-23754,-6,-22,0.0230535,1
8944752572,34,0.003,-23893,-6,-22,0.0230535,1
8944752572,34,0.003,-24279,-6,-22,0.0230535,1
8944752572,34,0.003,-28010,-6,-24,0.0230535,1
8944752572,35,0.003,-29025,-6,-25,0.0230535,1
8944752572,35,0.003,-29062,-6,-25,0.0230535,1
8944752572,35,0.003,-31864,-6,-26,0.0230535,1
8944752572,35,0.003,-33887,-8,-27,0.0230535,1
8944752572,36,0.020992,-36422,,-30,0.0230535,1
8944752572,36,0.020992,-36356,,-30,0.0516454,1
8944752572,36,0.020992,-36284,,-30,0.0516454,1
8944752572,36,0.020992,-36215,,-30,0.0516454,1
8944752572,36,0.020992,-36149,,-30,0.0516454,1
8944752572,36,0.020992,-36077,,-30,0.0516454,1
8944752572,36,0.020992,-36005,,-30,0.0516454,1
8944752572,36,0.020992,-35936,,-30,0.0516454,1
8944752572,36,0.020992,-35864,,-30,0.0516454,1
8944819470,15,0.201036,-5821,-3,-5,0.179737,1
8944819470,15,0.201036,-6411,-3,-6,0.179737,1
8944819470,16,0.201036,-6550,-3,-6,0.179737,1
8944819470,16,0.130542,-8177,-3,-6,0.179737,1
8944819470,16,0.132867,-7930,-3,-6,0.179737,1
8944819470,17,0.130542,-8273,-3,-7,0.179737,1
8944819470,17,0.130542,-8540,-4,-7,0.179737,1
8944819470,17,0.096049,-9944,-4,-9,0.179737,1
8944819470,17,0.111628,-9738,-4,-9,0.179737,1
8944819470,18,0.062718,-9916,-4,-9,0.179737,1
8944819470,18,0.094293,-10039,-4,-9,0.179737,1
8944819470,18,0.062718,-10456,-4,-9,0.179737,1
8944819470,18,0.111628,-10323,-4,-8,0.179737,1
8944819470,19,0.111628,-10427,-4,-8,0.179737,1
8944819470,19,0.111628,-10126,-4,-8,0.179737,1
8944819470,19,0.130542,-9492,-4,-8,0.179737,1
8944819470,19,0.130542,-9322,-4,-8,0.179737,1
8944819470,20,0.130542,-9750,-4,-8,0.179737,1
8944819470,20,0.19398,-8891,-4,-7,0.179737,1
8944819470,20,0.132867,-9065,-4,-7,0.179737,1
8944819470,20,0.111628,-7774,-4,-6,0.179737,1
8944819470,21,0.19398,-7414,-4,-6,0.179737,1
8944819470,21,0.201036,-7145,-4,-6,0.179737,1
8944819470,21,0.201036,-7424,-4,-6,0.179737,1
8944819470,21,0.130542,-8619,-4,-8,0.179737,1
8944819470,22,0.19398,-8175,-4,-8,0.179737,1
8944819470,22,0.175,-8793,-4,-8,0.179737,1
8944819470,22,0.201036,-9011,-4,-8,0.179737,1
8944819470,22,0.201036,-9040,-4,-8,0.179737,1
8944819470,23,0.201036,-8839,-3,-8,0.179737,1
8944819470,23,0.21131,-8569,-3,-8,0.179737,1
8944819470,23,0.296875,-8616,-3,-8,0.179737,1
8944819470,23,0.201036,-10770,-3,-8,0.179737,1
8944819470,24,0.201036,-10683,-3,-8,0.179737,1
8944819470,24,0.201036,-11384,-3,-8,0.179737,1
8944819470,24,0.201036,-11371,-3,-8,0.179737,1
8944819470,24,0.201036,-11362,-3,-8,0.179737,1
8944819470,25,0.201036,-11177,-3,-8,0.179737,1
8944819470,25,0.132867,-11434,-3,-8,0.179737,1
8944819470,25,0.132867,-11319,-3,-8,0.179737,1
8944819470,26,0.130542,-11141,-3,-8,0.179737,1
8944819470,26,0.132867,-10919,-3,-8,0.179737,1
8944819470,26,0.132867,-10699,-3,-8,0.179737,1
8944819470,26,0.132867,-10987,-3,-8,0.179737,1
8944819470,27,0.132867,-12253,-3,-9,0.179737,1
8944819470,27,0.130542,-12682,-3,-9,0.179737,1
8944819470,27,0.132867,-12371,-3,-9,0.179737,1
8944819470,27,0.111628,-12462,-3,-9,0.179737,1
8944819470,28,0.130542,-11992,-3,-9,0.179737,1
8944819470,28,0.130542,-12231,-3,-9,0.179737,1
8944819470,28,0.201036,-10982,-3,-9,0.179737,1
8944819470,28,0.201036,-10967,-3,-9,0.179737,1
8944819470,29,0.201036,-10787,-3,-9,0.179737,1
8944819470,29,0.19398,-11402,-3,-10,0.179737,1
8944819470,29,0.19398,-11198,-3,-10,0.179737,1
8944819470,29,0.201036,-10838,-3,-10,0.179737,1
8944819470,30,0.19398,-11464,-3,-10,0.179737,1
8944819470,30,0.19398,-11269,-3,-10,0.179737,1
8944819470,30,0.201036,-11269,-3,-10,0.179737,1
8944819470,30,0.094293,-12625,-3,-11,0.179737,1
8944819470,31,0.094293,-13239,-3,-11,0.179737,1
8944819470,31,0.094293,-13157,-3,-11,0.179737,1
8944819470,31,0.094293,-13431,-3,-11,0.179737,1
8944819470,31,0.094293,-12950,-3,-11,0.179737,1
8944819470,32,0.132867,-12633,-3,-11,0.179737,1
8944819470,32,0.130542,-13626,-3,-11,0.179737,1
8944819470,32,0.132867,-13357,-3,-11,0.179737,1
8944819470,32,0.19398,-12671,-3,-11,0.179737,1
8944819470,33,0.19398,-12523,-3,-11,0.179737,1
8944819470,33,0.19398,-12688,-3,-11,0.179737,1
8944819470,33,0.130542,-13449,-4,-11,0.179737,1
8944819470,34,0.201036,-10843,-4,-10,0.179737,1
8944819470,34,0.130542,-11329,-4,-12,0.179737,1
8944819470,34,0.130542,-12535,-4,-12,0.179737,1
8944819470,34,0.175,-13075,-4,-12,0.179737,1
8944819470,35,0.132867,-13412,-4,-12,0.179737,1
8944819470,35,0.094293,-14507,-5,-12,0.179737,1
8944819470,35,0.094293,-14375,-5,-12,0.179737,1
8944819470,35,0.062718,-14564,-5,-12,0.179737,1
8944819470,36,0.094293,-14782,-5,-12,0.179737,1
8944819470,36,0.062718,-15572,-5,-12,0.179737,1
8944819470,36,0.062718,-16458,-5,-12,0.179737,1
8944819470,36,0.062718,-15454,-5,-12,0.179737,1
8944819470,37,0.094293,-15210,-5,-12,0.179737,1
8944819470,37,0.094293,-14351,-5,-12,0.179737,1
8944819470,37,0.062718,-15512,-6,-13,0.179737,1
8944819470,37,0.031056,-16635,-6,-14,0.179737,1
8944819470,38,0.020992,-17092,-6,-15,0.179737,1
8944819470,38,0.003,-18500,-6,-15,0.179737,1
8944819470,38,0.003,-19000,-6,-15,0.179737,1
8944819470,38,0.003,-20898,-7,-15,0.179737,1
8944819470,39,0.003,-21570,-7,-15,0.179737,1
8944819470,39,0.003,-20124,-7,-15,0.179737,1
8944819470,39,0.003,-22008,-7,-15,0.179737,1
8944819470,39,0.003,-22408,-7,-15,0.179737,1
8944819470,40,0.003,-23100,-7,-15,0.179737,1
8944819470,40,0.003,-25221,-7,-15,0.179737,1
8944819470,40,0.003,-25563,-7,-15,0.179737,1
8944819470,41,0.006849,-23951,-7,-14,0.179737,1
8944819470,41,0.006849,-23526,-7,-14,0.179737,1
8944819470,41,0.006849,-23471,-7,-14,0.179737,1
8944819470,41,0.006849,-23484,-7,-14,0.179737,1
8944819470,42,0.003,-25022,-7,-15,0.179737,1
8944819470,42,0.003,-25616,-7,-15,0.179737,1
8944819470,42,0.003,-26067,-8,-15,0.179737,1
8944819470,42,0.003,-26695,-8,-15,0.179737,1
8944819470,43,0.006849,-26422,-8,-15,0.179737,1
8944819470,43,0.017442,-26488,-8,-15,0.179737,1
8944819470,43,0.017442,-26934,-8,-15,0.179737,1
8944819470,43,0.017442,-27318,-8,-15,0.179737,1
8944819470,44,0.017442,-27792,-8,-15,0.179737,1
8944819470,44,0.017442,-28317,-8,-15,0.179737,1
8944819470,44,0.017442,-29268,-8,-15,0.179737,1
8944819470,44,0.017442,-29290,-8,-15,0.179737,1
8944819470,45,0.017442,-31289,-8,-15,0.179737,1
8944819470,45,0.017442,-31139,-8,-15,0.179737,1
8944819470,45,0.017442,-31842,-8,-15,0.179737,1
8944819470,45,0.020992,-29053,-8,-14,0.179737,1
8944819470,46,0.017442,-28479,-8,-14,0.179737,1
8944819470,46,0.017442,-28343,-8,-14,0.179737,1
8944819470,46,0.017442,-27941,-8,-14,0.179737,1
8944819470,46,0.006849,-30090,-8,-15,0.179737,1
8944819470,47,0.006849,-31516,-8,-16,0.179737,1
8944819470,47,0.006849,-32892,-8,-16,0.179737,1
8944819470,47,0.003,-40526,-8,-18,0.179737,1
8944819470,47,0.006849,-39405,-8,-18,0.179737,1
8944819470,48,0.006849,-39133,-8,-18,0.179737,1
8944819470,48,0.006849,-38679,-8,-18,0.179737,1
8944819470,48,0.003,-41442,-9,-19,0.179737,1
8944819470,49,0.006849,-34851,-10,-18,0.179737,1
8944819470,49,0.201036,-24412,,-16,0.179737,1
8944819470,49,0.132867,-25264,,-16,0.118932,1
8944819470,49,0.132867,-25220,,-16,0.118932,1
8944819470,49,0.132867,-25172,,-16,0.118932,1
8944819470,49,0.132867,-25126,,-16,0.118932,1
8944819470,49,0.132867,-25078,,-16,0.118932,1
8944819470,49,0.132867,-25034,,-16,0.118932,1
8944819470,49,0.132867,-24986,,-16,0.118932,1
8944819470,49,0.132867,-24938,,-16,0.118932,1
8944819470,49,0.132867,-24890,,-16,0.118932,1
8944819470,49,0.132867,-24844,,-16,0.118932,1
8944819470,49,0.132867,-24796,,-16,0.118932,1
8944819470,49,0.132867,-24752,,-16,0.118932,1
8944819470,49,0.132867,-24704,,-16,0.118932,1
8944819470,49,0.132867,-24656,,-16,0.118932,1
8944819470,49,0.132867,-24608,,-16,0.118932,1
8944819470,49,0.132867,-24560,,-16,0.118932,1
8944819470,49,0.132867,-24514,,-16,0.118932,1
8944819470,49,0.132867,-24466,,-16,0.118932,1
8944819470,49,0.132867,-24422,,-16,0.118932,1
8944819470,49,0.132867,-24374,,-16,0.118932,1
8944819470,49,0.132867,-24328,,-16,0.118932,1
8944819470,49,0.132867,-24280,,-16,0.118932,1
8944819470,49,0.132867,-24236,,-16,0.118932,1
8944819470,49,0.132867,-24190,,-16,0.118932,1
8944819470,49,0.132867,-24142,,-16,0.118932,1
8944819470,49,0.132867,-24098,,-16,0.118932,1
8944819470,49,0.132867,-24050,,-16,0.118932,1
8944819470,49,0.132867,-24002,,-16,0.118932,1
8944819470,49,0.132867,-23956,,-16,0.118932,1
8944819470,49,0.132867,-23908,,-16,0.118932,1
8944819470,49,0.132867,-23864,,-16,0.118932,1
8944819470,49,0.132867,-23818,,-16,0.118932,1
8944819470,49,0.132867,-23768,,-16,0.118932,1
8944819470,49,0.132867,-23722,,-16,0.118932,1
8944819470,49,0.132867,-23674,,-16,0.118932,1
8944819470,49,0.132867,-23630,,-16,0.118932,1
8944819470,49,0.132867,-23582,,-16,0.118932,1
8944819470,49,0.132867,-23536,,-16,0.118932,1
8944819470,49,0.132867,-23488,,-16,0.118932,1
8944819470,49,0.132867,-23440,,-16,0.118932,1
8944819470,49,0.132867,-23396,,-16,0.118932,1
8944819470,49,0.132867,-23348,,-16,0.118932,1
8944819470,49,0.132867,-23302,,-16,0.118932,1
8944819470,49,0.132867,-23254,,-16,0.118932,1
8944819470,49,0.132867,-23210,,-16,0.118932,1
8944819470,49,0.132867,-23162,,-16,0.118932,1
8944819470,49,0.132867,-23116,,-16,0.118932,1
8944819470,49,0.132867,-23068,,-16,0.118932,1
8944819470,49,0.132867,-23024,,-16,0.118932,1
8944819470,49,0.132867,-22978,,-16,0.118932,1
8944819470,49,0.132867,-22930,,-16,0.118932,1
8944819470,49,0.132867,-22886,,-16,0.118932,1
8944819470,49,0.132867,-22838,,-16,0.118932,1
8944819470,49,0.132867,-22792,,-16,0.118932,1
8944819470,49,0.132867,-22744,,-16,0.118932,1
8944819470,49,0.132867,-22652,,-16,0.118932,1
8944819470,49,0.132867,-22606,,-16,0.118932,1
8944819470,49,0.132867,-22562,,-16,0.118932,1
8944819470,49,0.19398,-22514,,-16,0.118932,1
8944819470,49,0.19398,-22468,,-16,0.118932,1
8944819470,49,0.19398,-22420,,-16,0.118932,1
8944819470,49,0.19398,-22376,,-16,0.118932,1
8944819470,49,0.19398,-22328,,-16,0.118932,1
8944819470,49,0.19398,-22282,,-16,0.118932,1
8944819470,49,0.19398,-22234,,-16,0.118932,1
8944819470,49,0.19398,-22190,,-16,0.118932,1
8944819470,49,0.19398,-22142,,-16,0.118932,1
8944819470,49,0.19398,-22096,,-16,0.118932,1
8944819470,49,0.19398,-22048,,-16,0.118932,1
8944819470,49,0.19398,-22004,,-16,0.118932,1
8944819470,49,0.19398,-21958,,-16,0.118932,1
8944819470,49,0.201036,-21910,,-16,0.118932,1
8944819470,49,0.201036,-21866,,-16,0.118932,1
8944819470,49,0.201036,-21818,,-16,0.118932,1
8944819470,49,0.201036,-21772,,-16,0.118932,1
8944819470,49,0.201036,-21680,,-16,0.118932,1
8944819470,49,0.201036,-21632,,-16,0.118932,1
8944819470,49,0.201036,-21586,,-16,0.118932,1
8944819470,49,0.201036,-21542,,-16,0.118932,1
8944819470,49,0.201036,-21494,,-16,0.118932,1
8944819470,49,0.201036,-21400,,-16,0.118932,1
8944819470,49,0.201036,-21308,,-16,0.118932,1
8944819470,49,0.201036,-21262,,-16,0.118932,1
8944819470,49,0.201036,-21214,,-16,0.118932,1
8944819470,49,0.201036,-21076,,-16,0.118932,1
8944819470,49,0.201036,-21028,,-16,0.118932,1
8944819470,49,0.201036,-20984,,-16,0.118932,1
8944819470,49,0.201036,-20936,,-16,0.118932,1
8944819470,49,0.201036,-20890,,-16,0.118932,1
8944819470,49,0.201036,-20842,,-16,0.118932,1
8944819470,49,0.201036,-20798,,-16,0.118932,1
8944819470,49,0.201036,-20750,,-16,0.118932,1
8944819470,49,0.201036,-20704,,-16,0.118932,1
8944819470,49,0.201036,-20656,,-16,0.118932,1
8944819470,49,0.201036,-20612,,-16,0.118932,1
8944819470,49,0.201036,-20564,,-16,0.118932,1
8944819470,49,0.201036,-20518,,-16,0.118932,1
8944819470,49,0.201036,-20470,,-16,0.118932,1
8944819470,49,0.201036,-20426,,-16,0.118932,1
8944819470,49,0.201036,-20378,,-16,0.118932,1
8944819470,49,0.201036,-20332,,-16,0.118932,1
8944819470,49,0.201036,-20192,,-16,0.118932,1
8944819470,49,0.201036,-20146,,-16,0.118932,1
8944819470,49,0.201036,-20098,,-16,0.118932,1
8944819470,49,0.201036,-20054,,-16,0.118932,1
8944819470,49,0.201036,-20008,,-16,0.118932,1
8944819470,49,0.201036,-19960,,-16,0.118932,1
8944819470,49,0.201036,-19916,,-16,0.118932,1
8944819470,49,0.201036,-19868,,-16,0.118932,1
8944819470,49,0.201036,-19822,,-16,0.118932,1
8944819470,49,0.201036,-19774,,-16,0.118932,1
8944819470,49,0.201036,-19730,,-16,0.118932,1
8944819470,49,0.201036,-19682,,-16,0.118932,1
8944819470,49,0.201036,-19634,,-16,0.118932,1
8944819470,49,0.201036,-19586,,-16,0.118932,1
8944819470,49,0.201036,-19540,,-16,0.118932,1
8944819470,49,0.201036,-19492,,-16,0.118932,1
8944819470,49,0.201036,-19448,,-16,0.118932,1
8944819470,49,0.201036,-19402,,-16,0.118932,1
8944819470,49,0.201036,-19354,,-16,0.118932,1
8944819470,49,0.201036,-19310,,-16,0.118932,1
8944819470,49,0.201036,-19264,,-16,0.118932,1
8944819470,49,0.201036,-19216,,-16,0.118932,1
