ts,match_id,server_steam_id,game_state,game_time,p,minute,gold_adv,gold_adv_d1,gold_adv_slope5,radiant_towers_lost,dire_towers_lost,tower_adv,rax_adv,draft_logit,kills_adv,kills_adv_d5,nw_top_adv,nw_conc_adv,gold_adv_norm,gold_adv_norm_slope5,graph_gold_last,graph_gold_len,nw_adv,nw_total,team_id_radiant,team_id_dire,model
1786622458,8943357930,90290747395854344,5,1379,0.187305,22.9833,-12982,,,3,1,-2,0,0.850817,-3,,-8026,-0.0830914,-0.1343,,-12263,128,-12982,96664,8255888,10150413,live.pkl
1786622473,8943357930,90290747395854344,5,1394,0.187305,23.2333,-13370,,,3,1,-2,0,0.850817,-3,,-8211,-0.0832919,-0.136356,,-13286,128,-13370,98052,8255888,10150413,live.pkl
1786622488,8943357930,90290747395854344,5,1410,0.187305,23.5,-13534,,,3,1,-2,0,0.850817,-3,,-8029,-0.0771894,-0.135859,,-13416,128,-13534,99618,8255888,10150413,live.pkl
1786622503,8943357930,90290747395854344,5,1425,0.187305,23.75,-14049,,,3,1,-2,0,0.850817,-3,,-8190,-0.0761255,-0.139109,,-13968,128,-14049,100993,8255888,10150413,live.pkl
1786622519,8943357930,90290747395854344,5,1440,0.187305,24,-12600,382,,3,2,-1,0,0.850817,-2,,-7885,-0.0770134,-0.122088,,-12967,128,-12600,103204,8255888,10150413,live.pkl
1786622534,8943357930,90290747395854344,5,1455,0.187305,24.25,-13042,328,,3,2,-1,0,0.850817,-2,,-8198,-0.0787439,-0.124219,,-12543,128,-13042,104992,8255888,10150413,live.pkl
1786622549,8943357930,90290747395854344,5,1470,0.187305,24.5,-13174,360,,3,2,-1,0,0.850817,-2,,-8339,-0.0792531,-0.123472,,-13340,128,-13174,106696,8255888,10150413,live.pkl
1786622565,8943357930,90290747395854344,5,1486,0.187305,24.7667,-13244,805,,3,2,-1,0,0.850817,-2,,-8487,-0.0804819,-0.122771,,-13207,128,-13244,107876,8255888,10150413,live.pkl
1786622580,8943357930,90290747395854344,5,1501,0.187305,25.0167,-13546,-946,,4,2,-2,0,0.850817,-2,,-8667,-0.0812148,-0.12373,,-13642,128,-13546,109480,8255888,10150413,live.pkl
1786622595,8943357930,90290747395854344,5,1516,0.187305,25.2667,-13335,-293,,4,2,-2,0,0.850817,-2,,-8887,-0.0850748,-0.120281,,-13501,128,-13335,110865,8255888,10150413,live.pkl
1786622610,8943357930,90290747395854344,5,1532,0.187305,25.5333,-14067,-893,,4,2,-2,0,0.850817,-2,,-9141,-0.0838676,-0.124777,,-13597,128,-14067,112737,8255888,10150413,live.pkl
1786622626,8943357930,90290747395854344,5,1537,0.187305,25.6167,-14357,-1183,,4,2,-2,0,0.850817,-2,,-9093,-0.0808925,-0.126635,,-13820,128,-14357,113373,8255888,10150413,live.pkl
1786622641,8943357930,90290747395854344,5,1537,0.187305,25.6167,-14357,-1183,,4,2,-2,0,0.850817,-2,,-9093,-0.0808925,-0.126635,,-13820,128,-14357,113373,8255888,10150413,live.pkl
1786622656,8943357930,90290747395854344,5,1544,0.180212,25.7333,-14413,-1239,,4,2,-2,0,0.850817,-2,,-9333,-0.0840159,-0.126296,,-13820,128,-14413,114121,8255888,10150413,live.pkl
1786622671,8943357930,90290747395854344,5,1560,0.180212,26,-14585,-1341,,4,2,-2,0,0.850817,-2,,-9393,-0.0831898,-0.126224,,-14637,128,-14585,115549,8255888,10150413,live.pkl
1786622687,8943357930,90290747395854344,5,1575,0.187305,26.25,-13080,466,,4,2,-2,0,0.850817,-1,,-8892,-0.0822757,-0.112119,,-14622,128,-13080,116662,8255888,10150413,live.pkl
1786622702,8943357930,90290747395854344,5,1590,0.187305,26.5,-14165,-830,,4,2,-2,0,0.850817,-2,,-9290,-0.082536,-0.120106,,-13273,128,-14165,117937,8255888,10150413,live.pkl
1786622717,8943357930,90290747395854344,5,1605,0.187305,26.75,-14094,319,,4,2,-2,0,0.850817,-2,,-9290,-0.0827826,-0.119079,,-14095,128,-14094,118358,8255888,10150413,live.pkl
1786622732,8943357930,90290747395854344,5,1621,0.187305,27.0167,-12881,1704,,4,2,-2,0,0.850817,-1,,-9310,-0.0886807,-0.108241,,-14127,128,-12881,119003,8255888,10150413,live.pkl
1786622748,8943357930,90290747395854344,5,1636,0.187305,27.2667,-13166,-86,,4,2,-2,0,0.850817,-1,,-9455,-0.0883135,-0.109169,,-13162,128,-13166,120602,8255888,10150413,live.pkl
1786622763,8943357930,90290747395854344,5,1651,0.187305,27.5167,-13279,886,,4,2,-2,0,0.850817,-1,,-9758,-0.0917696,-0.108931,,-13221,128,-13279,121903,8255888,10150413,live.pkl
1786622778,8943357930,90290747395854344,5,1666,0.187305,27.7667,-13398,696,,4,2,-2,0,0.850817,-1,,-9631,-0.0878211,-0.108759,,-13468,128,-13398,123190,8255888,10150413,live.pkl
1786622793,8943357930,90290747395854344,5,1682,0.248428,28.0333,-13195,-314,-42.1782,4,2,-2,0,0.850817,-1,2,-9631,-0.0886122,-0.106366,0.00553157,-13462,128,-13195,124053,8255888,10150413,live.pkl
1786622809,8943357930,90290747395854344,5,1697,0.286115,28.2833,-12394,772,193.267,4,2,-2,0,0.850817,0,3,-9541,-0.089806,-0.0977738,0.00764009,-13154,128,-12394,126762,8255888,10150413,live.pkl
1786622824,8943357930,90290747395854344,5,1712,0.286115,28.5333,-12780,499,149.801,4,2,-2,0,0.850817,0,3,-9332,-0.0839671,-0.0998469,0.00715472,-12575,128,-12780,127996,8255888,10150413,live.pkl
1786622839,8943357930,90290747395854344,5,1727,0.286115,28.7833,-13470,-72,115.033,4,2,-2,0,0.850817,0,3,-9496,-0.0826594,-0.103988,0.00697758,-12946,128,-13470,129534,8255888,10150413,live.pkl
1786622854,8943357930,90290747395854344,5,1743,0.248428,29.05,-13207,-12,-120.198,4,3,-1,0,0.850817,0,2,-9038,-0.0757908,-0.100754,0.00422451,-13119,128,-13207,131081,8255888,10150413,live.pkl
1786622870,8943357930,90290747395854344,5,1758,0.248428,29.3,-13531,-1137,-96.8317,4,3,-1,0,0.850817,0,2,-8915,-0.0720195,-0.102276,0.00434516,-13242,128,-13531,132299,8255888,10150413,live.pkl
1786622885,8943357930,90290747395854344,5,1773,0.248428,29.55,-12892,-112,55.8416,4,3,-1,0,0.850817,0,2,-8718,-0.0715621,-0.0970812,0.00522595,-13343,128,-12892,132796,8255888,10150413,live.pkl
1786622900,8943357930,90290747395854344,5,1789,0.248428,29.8167,-13009,461,46.5347,4,3,-1,0,0.850817,0,2,-8709,-0.0702345,-0.096617,0.00517892,-13486,128,-13009,134645,8255888,10150413,live.pkl
1786622916,8943357930,90290747395854344,5,1804,0.214286,30.0667,-13993,-786,-88.5149,4,3,-1,0,0.850817,-1,1,-8795,-0.0665943,-0.103302,0.00404519,-13321,128,-13993,135457,8255888,10150413,live.pkl
1786622931,8943357930,90290747395854344,5,1819,0.213235,30.3167,-14342,-811,-199.406,4,3,-1,0,0.850817,-1,1,-8913,-0.0665699,-0.105338,0.00295906,-13616,128,-14342,136152,8255888,10150413,live.pkl
1786622946,8943357930,90290747395854344,5,1834,0.300532,30.5667,-12190,702,372.914,4,3,-1,0,0.850817,1,3,-7962,-0.0607401,-0.0885232,0.00720277,-13207,128,-12190,137704,8255888,10150413,live.pkl
1786622962,8943357930,90290747395854344,5,1850,0.286115,30.8333,-12612,397,353.137,4,3,-1,0,0.850817,1,3,-8271,-0.062737,-0.0909537,0.00692982,-12151,128,-12612,138664,8255888,10150413,live.pkl
1786622977,8943357930,90290747395854344,5,1865,0.286115,31.0833,-13074,919,297.246,4,3,-1,0,0.850817,1,3,-8650,-0.0655477,-0.09366,0.00640593,-12583,128,-13074,139590,8255888,10150413,live.pkl
1786622992,8943357930,90290747395854344,5,1880,0.286115,31.3333,-12673,1669,80.0656,4,3,-1,0,0.850817,1,2,-8566,-0.0652562,-0.0893579,0.00447756,-12415,128,-12673,141823,8255888,10150413,live.pkl
1786623007,8943357930,90290747395854344,5,1896,0.300532,31.6,-12578,-388,311.176,4,3,-1,0,0.850817,1,3,-8437,-0.0630588,-0.087845,0.00632578,-12457,128,-12578,143184,8255888,10150413,live.pkl
1786623023,8943357930,90290747395854344,5,1911,0.300532,31.85,-12634,-22,286.275,4,3,-1,0,0.850817,1,3,-7999,-0.0553491,-0.0871334,0.00626391,-12523,128,-12634,144996,8255888,10150413,live.pkl
1786623038,8943357930,90290747395854344,5,1926,0.248428,32.1,-13757,-683,-172.328,4,3,-1,0,0.850817,1,2,-8353,-0.0543727,-0.0932153,0.00295586,-12626,128,-13757,147583,8255888,10150413,live.pkl
1786623053,8943357930,90290747395854344,5,1942,0.244186,32.3667,-14353,-1680,-232.745,4,3,-1,0,0.850817,1,2,-8561,-0.0541347,-0.09623,0.00253705,-14065,128,-14353,149153,8255888,10150413,live.pkl
1786623069,8943357930,90290747395854344,5,1957,0.300532,32.6167,-12885,-307,77.2549,4,3,-1,0,0.850817,1,2,-8500,-0.0586264,-0.0844348,0.00480316,-13598,128,-12885,152603,8255888,10150413,live.pkl
1786623084,8943357930,90290747395854344,5,1972,0.300532,32.8667,-12854,-220,106.667,4,3,-1,0,0.850817,1,2,-8556,-0.0589443,-0.0837896,0.00489592,-12891,128,-12854,153408,8255888,10150413,live.pkl
1786623099,8943357930,90290747395854344,5,1987,0.286115,33.1167,-13355,402,-31.4754,4,3,-1,0,0.850817,1,2,-8558,-0.0564269,-0.0863479,0.00393795,-13132,128,-13355,154665,8255888,10150413,live.pkl
1786623114,8943357930,90290747395854344,5,2003,0.244186,33.3833,-13561,792,-228.824,4,3,-1,0,0.850817,1,1,-6753,-0.0335736,-0.0868465,0.0021426,-13291,128,-13561,156149,8255888,10150413,live.pkl
1786623130,8943357930,90290747395854344,5,2018,0.286115,33.6333,-12403,482,73.9216,4,4,0,0,0.850817,1,1,-6432,-0.033648,-0.0786578,0.00415472,-13631,128,-12403,157683,8255888,10150413,live.pkl
1786623145,8943357930,90290747395854344,5,2033,0.248428,33.8833,-12820,34,127.451,4,4,0,0,0.850817,1,1,-6550,-0.0331979,-0.080701,0.00456611,-13002,128,-12820,158858,8255888,10150413,live.pkl
1786623160,8943357930,90290747395854344,5,2048,0.286115,34.1333,-12578,777,123.738,4,4,0,0,0.850817,1,1,-6123,-0.0284215,-0.0784752,0.00438282,-12857,128,-12578,160280,8255888,10150413,live.pkl
1786623175,8943357930,90290747395854344,5,2064,0.286115,34.4,-12638,923,175.098,4,4,0,0,0.850817,1,1,-6073,-0.0273002,-0.0782054,0.0047197,-12729,128,-12638,161600,8255888,10150413,live.pkl
1786623191,8943357930,90290747395854344,5,2079,0.286115,34.65,-12010,393,172.941,4,4,0,0,0.850817,1,1,-5728,-0.0249174,-0.0733632,0.00465059,-12653,128,-12010,163706,8255888,10150413,live.pkl
1786623206,8943357930,90290747395854344,5,2094,0.286115,34.9,-12227,593,153.836,4,4,0,0,0.850817,1,1,-5616,-0.0223806,-0.0741844,0.00441297,-12362,128,-12227,164819,8255888,10150413,live.pkl
1786623221,8943357930,90290747395854344,5,2110,0.323477,35.1667,-12175,403,356.471,4,4,0,0,0.850817,1,2,-5599,-0.0222973,-0.0736589,0.00581241,-12224,128,-12175,165289,8255888,10150413,live.pkl
1786623237,8943357930,90290747395854344,5,2125,0.323477,35.4167,-12317,321,397.059,4,4,0,0,0.850817,1,2,-5798,-0.0238656,-0.0741028,0.00612458,-12160,128,-12317,166215,8255888,10150413,live.pkl
1786623252,8943357930,90290747395854344,5,2140,0.170279,35.6667,-14570,-2560,-466.667,4,4,0,0,0.850817,0,-1,-5846,-0.0159175,-0.0876433,0.000172528,-12148,128,-14570,166242,8255888,10150413,live.pkl
1786623267,8943357930,90290747395854344,5,2155,0.170279,35.9167,-14304,-2077,-332.852,4,4,0,0,0.850817,0,-1,-5767,-0.015915,-0.0858367,0.00100662,-14543,128,-14304,166642,8255888,10150413,live.pkl
1786623282,8943357930,90290747395854344,5,2171,0.180212,36.1833,-13990,-1815,-179.608,4,4,0,0,0.850817,0,-1,-5728,-0.0165779,-0.0838287,0.00192771,-14302,128,-13990,166888,8255888,10150413,live.pkl
1786623299,8943357930,90290747395854344,5,2186,0.170279,36.4333,-14317,-2000,-322.353,4,4,0,0,0.850817,0,-1,-5827,-0.0163382,-0.0851437,0.000826304,-14012,128,-14317,168151,8255888,10150413,live.pkl
1786623315,8943357930,90290747395854344,5,2203,0.180212,36.7167,-15018,-448,-476.873,4,4,0,0,0.850817,0,-1,-6271,-0.0184463,-0.0875654,5.46373e-05,-14556,128,-15018,171506,8255888,10150413,live.pkl
1786623330,8943357930,90290747395854344,5,2218,0.170279,36.9667,-15546,-1242,-569.121,4,4,0,0,0.850817,0,-1,-6443,-0.0183334,-0.0898841,-0.000537595,-14736,128,-15546,172956,8255888,10150413,live.pkl
1786623345,8943357930,90290747395854344,5,2233,0.170279,37.2167,-15309,-1319,-303.322,4,4,0,0,0.850817,0,-1,-6423,-0.0189375,-0.0875505,0.00110713,-15339,128,-15309,174859,8255888,10150413,live.pkl
1786623360,8943357930,90290747395854344,5,2249,0.169261,37.4833,-16062,-1745,-334.007,4,4,0,0,0.850817,0,-1,-6993,-0.0230649,-0.0911185,0.000999004,-15120,128,-16062,176276,8255888,10150413,live.pkl
1786623376,8943357930,90290747395854344,5,2264,0.169261,37.7333,-16665,-1647,-738.762,4,4,0,0,0.850817,0,-1,-7111,-0.0221551,-0.0935232,-0.00177625,-16098,128,-16665,178191,8255888,10150413,live.pkl
1786623391,8943357930,90290747395854344,5,2279,0.180212,37.9833,-15646,-100,-545.668,4,4,0,0,0.850817,0,-1,-6790,-0.021865,-0.0873561,-0.000697028,-16312,128,-15646,179106,8255888,10150413,live.pkl
1786623406,8943357930,90290747395854344,5,2295,0.180212,38.25,-15708,-399,-458.377,4,4,0,0,0.850817,0,-1,-6992,-0.0238026,-0.0873259,-0.000190508,-15627,128,-15708,179878,8255888,10150413,live.pkl
1786623422,8943357930,90290747395854344,5,2310,0.180212,38.5,-15841,221,-445.603,4,4,0,0,0.850817,0,-1,-6992,-0.0233889,-0.0877992,-0.000186193,-15583,128,-15841,180423,8255888,10150413,live.pkl
1786623437,8943357930,90290747395854344,5,2325,0.160839,38.75,-18958,-2293,-1281.11,4,4,0,0,0.850817,-1,-2,-7083,-0.0133265,-0.105252,-0.00519757,-15733,128,-18958,180120,8255888,10150413,live.pkl
1786623452,8943357930,90290747395854344,5,2341,0.169261,39.0167,-17025,-1379,-819.156,4,4,0,0,0.850817,-1,-2,-6059,-0.00937304,-0.0936855,-0.00252945,-17624,128,-17025,181725,8255888,10150413,live.pkl
1786623468,8943357930,90290747395854344,5,2356,0.169261,39.2667,-16691,-983,-801.234,4,4,0,0,0.850817,-1,-2,-6199,-0.0120033,-0.0915644,-0.00254985,-18641,128,-16691,182287,8255888,10150413,live.pkl
1786623483,8943357930,90290747395854344,5,2371,0.170279,39.5167,-16169,-328,-690.098,4,4,0,0,0.850817,-1,-2,-6199,-0.0138172,-0.0884824,-0.00200852,-16309,128,-16169,182737,8255888,10150413,live.pkl
1786623498,8943357930,90290747395854344,5,2386,0.170279,39.7667,-16629,2329,-902.736,4,4,0,0,0.850817,-1,-2,-5809,-0.00823536,-0.0896544,-0.00318393,-16309,128,-16629,185479,8255888,10150413,live.pkl
1786623513,8943357930,90290747395854344,5,2402,0.169261,40.0333,-17154,-129,-959.805,4,4,0,0,0.850817,-1,-2,-6014,-0.00860706,-0.0912097,-0.00331662,-17013,128,-17154,188072,8255888,10150413,live.pkl
1786623529,8943357930,90290747395854344,5,2417,0.170279,40.2833,-16900,-209,-923.453,4,4,0,0,0.850817,-1,-2,-6121,-0.0102536,-0.0891416,-0.00302594,-16583,128,-16900,189586,8255888,10150413,live.pkl
1786623544,8943357930,90290747395854344,5,2432,0.173913,40.5333,-16246,-77,-767.883,4,4,0,0,0.850817,-1,-2,-5742,-0.00787158,-0.0848382,-0.00209811,-17290,128,-16246,191494,8255888,10150413,live.pkl
1786623559,8943357930,90290747395854344,5,2448,0.170279,40.8,-16709,-80,-416.688,4,4,0,0,0.850817,-1,-1,-5343,-0.00220869,-0.0865092,0.000220924,-16688,128,-16709,193147,8255888,10150413,live.pkl
1786623575,8943357930,90290747395854344,5,2463,0.187305,41.05,-16860,294,-497.922,4,5,1,0,0.850817,-1,-1,-5591,-0.00421422,-0.0866419,-0.000156863,-16709,128,-16860,194594,8255888,10150413,live.pkl
1786623590,8943357930,90290747395854344,5,2478,0.187305,41.3,-16986,-86,-585.537,4,5,1,0,0.850817,-1,-1,-5207,0.000199607,-0.0867208,-0.000565233,-16769,128,-16986,195870,8255888,10150413,live.pkl
1786623605,8943357930,90290747395854344,5,2493,0.187305,41.55,-15862,384,-301.954,4,6,2,0,0.850817,-1,-1,-4781,0.00122172,-0.0801427,0.0009774,-16745,128,-15862,197922,8255888,10150413,live.pkl
1786623620,8943357930,90290747395854344,5,2509,0.187305,41.8167,-16509,200,-292.353,4,6,2,0,0.850817,-1,-1,-5074,0.000315768,-0.0830111,0.000893008,-16218,128,-16509,198877,8255888,10150413,live.pkl
1786623636,8943357930,90290747395854344,5,2524,0.187305,42.0667,-16381,479,-163.725,4,6,2,0,0.850817,-1,-1,-5535,-0.00450791,-0.0815393,0.00163624,-16519,128,-16381,200897,8255888,10150413,live.pkl
1786623651,8943357930,90290747395854344,5,2539,0.187305,42.3167,-16643,343,-261.569,4,6,2,0,0.850817,-1,-1,-6009,-0.00829255,-0.0819872,0.00109084,-16920,128,-16643,202995,8255888,10150413,live.pkl
1786623666,8943357930,90290747395854344,5,2555,0.213235,42.5833,-16448,-586,-75.6863,4,6,2,0,0.850817,-1,-1,-5729,-0.00597613,-0.0804162,0.00209849,-16203,128,-16448,204536,8255888,10150413,live.pkl
1786623682,8943357930,90290747395854344,5,2570,0.187305,42.8333,-16933,-424,-52.549,4,6,2,0,0.850817,-1,-1,-6559,-0.0130275,-0.082565,0.00214868,-16011,128,-16933,205087,8255888,10150413,live.pkl
1786623697,8943357930,90290747395854344,5,2585,0.187305,43.0833,-17230,-849,-310.588,4,6,2,0,0.850817,-1,-1,-5415,-0.00211247,-0.0837546,0.000706171,-16579,128,-17230,205720,8255888,10150413,live.pkl
1786623712,8943357930,90290747395854344,5,2600,0.187305,43.3333,-16913,-270,-237.049,4,6,2,0,0.850817,-1,-1,-5098,0.000197755,-0.0816947,0.00110778,-17078,128,-16913,207027,8255888,10150413,live.pkl
1786623727,8943357930,90290747395854344,5,2616,0.244186,43.6,-15824,624,3.33333,4,6,2,0,0.850817,-1,-1,-3444,0.0125538,-0.0762419,0.00226615,-16944,128,-15824,207550,8255888,10150413,live.pkl
1786623743,8943357930,90290747395854344,5,2631,0.323477,43.85,-16369,564,507.647,4,6,2,0,0.850817,-1,0,-3404,0.0144091,-0.0786279,0.00522041,-16191,128,-16369,208183,8255888,10150413,live.pkl
1786623758,8943357930,90290747395854344,5,2646,0.300532,44.1,-16785,445,47.2131,4,6,2,0,0.850817,-1,0,-3349,0.0160575,-0.0801427,0.00266417,-16386,128,-16785,209439,8255888,10150413,live.pkl
1786623773,8943357930,90290747395854344,5,2662,0.289062,44.3667,-17921,-1008,-241.176,4,6,2,0,0.850817,-1,0,-3578,0.0166661,-0.0842925,0.00142587,-16668,128,-17921,212605,8255888,10150413,live.pkl
1786623789,8943357930,90290747395854344,5,2677,0.300532,44.6167,-17094,-1270,-181.373,4,6,2,0,0.850817,-1,0,-2892,0.0207916,-0.079728,0.00171654,-16828,128,-17094,214404,8255888,10150413,live.pkl
1786623804,8943357930,90290747395854344,5,2692,0.187305,44.8667,-18281,-1912,-323.922,4,6,2,0,0.850817,-2,-1,-2597,0.0265446,-0.0845642,0.000998073,-17795,128,-18281,216179,8255888,10150413,live.pkl
1786623819,8943357930,90290747395854344,5,2707,0.187305,45.1167,-18564,-1779,-277.377,5,6,1,0,0.850817,-2,-1,-2295,0.0301014,-0.085289,0.00116474,-17051,128,-18564,217660,8255888,10150413,live.pkl
1786623834,8943357930,90290747395854344,5,2723,0.187305,45.3833,-18827,-906,-377.843,5,6,1,0,0.850817,-2,-1,-2435,0.0290864,-0.085854,0.000644637,-18788,128,-18827,219291,8255888,10150413,live.pkl
1786623850,8943357930,90290747395854344,5,2738,0.187305,45.6333,-18449,-1355,-431.961,5,6,1,0,0.850817,-2,-1,-1886,0.0329271,-0.0834883,0.000264675,-19079,128,-18449,220977,8255888,10150413,live.pkl
1786623865,8943357930,90290747395854344,5,2753,0.187305,45.8833,-19498,-1217,-548.656,5,6,1,0,0.850817,-2,-1,-2400,0.0309169,-0.0875551,-0.000205747,-19095,128,-19498,222694,8255888,10150413,live.pkl
1786623880,8943357930,90290747395854344,5,2768,0.187305,46.1333,-19055,-491,-431.803,5,6,1,0,0.850817,-2,-1,-2153,0.0318091,-0.0849778,0.000327367,-18960,128,-19055,224235,8255888,10150413,live.pkl
1786623895,8943357930,90290747395854344,5,2784,0.187305,46.4,-18493,334,-295.49,5,6,1,0,0.850817,-2,-1,-1809,0.0331697,-0.0819758,0.000930391,-19369,128,-18493,225591,8255888,10150413,live.pkl
1786623911,8943357930,90290747395854344,5,2799,0.187305,46.65,-18572,-123,-531.373,5,6,1,0,0.850817,-2,-1,-1809,0.0333352,-0.0822403,-0.000411299,-18312,128,-18572,225826,8255888,10150413,live.pkl
1786623926,8943357930,90290747395854344,5,2814,0.213235,46.9,-18135,1363,-319.869,5,6,1,0,0.850817,-2,-1,-2521,0.0249619,-0.0795489,0.000681091,-18556,128,-18135,227973,8255888,10150413,live.pkl
1786623941,8943357930,90290747395854344,5,2830,0.323477,47.1667,-16503,2552,-23.9216,5,6,1,0,0.850817,-1,0,-2391,0.0213912,-0.0717606,0.00191739,-18227,128,-16503,229973,8255888,10150413,live.pkl
1786623957,8943357930,90290747395854344,5,2845,0.389937,47.4167,-14978,3515,326.471,5,6,1,0,0.850817,-1,0,-2709,0.0147449,-0.0649388,0.00334284,-16592,128,-14978,230648,8255888,10150413,live.pkl
1786623972,8943357930,90290747395854344,5,2860,0.389937,47.6667,-13812,4760,518.557,5,6,1,0,0.850817,-1,0,-2464,0.0136658,-0.059555,0.00410383,-15790,128,-13812,231920,8255888,10150413,live.pkl
1786623987,8943357930,90290747395854344,5,2875,0.244186,47.9167,-16766,1369,32.8525,5,6,1,0,0.850817,-2,-1,-3898,0.00913729,-0.0715407,0.0021687,-15047,128,-16766,234356,8255888,10150413,live.pkl
1786624002,8943357930,90290747395854344,5,2891,0.244186,48.1833,-17146,-643,16.4706,5,6,1,0,0.850817,-2,-1,-4336,0.0063157,-0.0726661,0.00217422,-15648,128,-17146,235956,8255888,10150413,live.pkl
1786624018,8943357930,90290747395854344,5,2906,0.244186,48.4333,-17726,-2748,-159.412,5,6,1,0,0.850817,-2,-1,-4951,0.0026249,-0.0745874,0.00139358,-16639,128,-17726,237654,8255888,10150413,live.pkl
1786624033,8943357930,90290747395854344,5,2921,0.244186,48.6833,-17594,-3782,-348.197,5,6,1,0,0.850817,-2,-1,-1194,0.0319607,-0.0736989,0.000500249,-17575,128,-17594,238728,8255888,10150413,live.pkl
1786624048,8943357930,90290747395854344,5,2936,0.187305,48.9333,-19062,-2296,-529.77,5,6,1,0,0.850817,-2,-1,-1404,0.0333276,-0.0791027,-9.33873e-05,-17629,128,-19062,240978,8255888,10150413,live.pkl
1786624064,8943357930,90290747395854344,5,2952,0.187305,49.2,-21379,-4233,-900.784,5,6,1,0,0.850817,-3,-2,-2849,0.0263161,-0.0883287,-0.00160511,-18339,128,-21379,242039,8255888,10150413,live.pkl
1786624079,8943357930,90290747395854344,5,2967,0.117647,49.45,-27067,-9341,-1799.21,5,6,1,0,0.850817,-6,-5,-3637,0.0334472,-0.111191,-0.0052916,-19136,128,-27067,243427,8255888,10150413,live.pkl
1786624094,8943357930,90290747395854344,5,2982,0.117647,49.7,-29418,-11824,-2424.39,5,6,1,0,0.850817,-6,-5,-4216,0.0337428,-0.119546,-0.00783296,-22699,128,-29418,246082,8255888,10150413,live.pkl
1786624109,8943357930,90290747395854344,5,2998,0.160839,49.9667,-35136,-16074,-3304.9,5,6,1,0,0.850817,-6,-4,-6731,0.0259407,-0.145973,-0.012041,-27943,128,-35136,240702,8255888,10150413,live.pkl
1786624125,8943357930,90290747395854344,5,3013,0.160839,50.2167,-34737,-13358,-3171.18,5,6,1,0,0.850817,-6,-4,-6392,0.0284133,-0.143601,-0.0114338,-32998,128,-34737,241899,8255888,10150413,live.pkl
1786624140,8943357930,90290747395854344,5,3028,0.160839,50.4667,-35014,-7947,-3184.33,5,6,1,0,0.850817,-6,-4,-6476,0.0284011,-0.144015,-0.0114415,-35276,128,-35014,243128,8255888,10150413,live.pkl
1786624155,8943357930,90290747395854344,5,3043,0.160839,50.7167,-34820,-5402,-3220.52,5,6,1,0,0.850817,-6,-4,-5927,0.0326373,-0.142445,-0.0115979,-35021,128,-34820,244446,8255888,10150413,live.pkl
1786624171,8943357930,90290747395854344,5,3059,0.169261,50.9833,-31207,3929,-2295.88,5,6,1,0,0.850817,-5,-3,-5416,0.028382,-0.127073,-0.00774863,-34764,128,-31207,245583,8255888,10150413,live.pkl
1786624186,8943357930,90290747395854344,5,3074,0.180212,51.2333,-27994,6743,-1752.75,5,6,1,0,0.850817,-4,-2,-4449,0.0294946,-0.113728,-0.00563736,-32730,128,-27994,246148,8255888,10150413,live.pkl
1786624201,8943357930,90290747395854344,5,3089,0.180212,51.4833,-28253,6761,-1920,5,6,1,0,0.850817,-4,-2,-4795,0.0271217,-0.114154,-0.00633014,-29435,128,-28253,247499,8255888,10150413,live.pkl
1786624217,8943357930,90290747395854344,5,3105,0.180212,51.75,-26375,8445,-1530,5,6,1,0,0.850817,-4,-2,-3451,0.0339489,-0.105558,-0.00457207,-27903,128,-26375,249863,8255888,10150413,live.pkl
1786624232,8943357930,90290747395854344,5,3120,0.180212,52,-25418,5789,-1428.04,5,6,1,0,0.850817,-4,-2,-3195,0.0336773,-0.101378,-0.00428014,-27264,128,-25418,250726,8255888,10150413,live.pkl
1786624247,8943357930,90290747395854344,5,3135,0.170279,52.25,-23853,4141,-1445.9,5,6,1,0,0.850817,-4,-3,-2759,0.0331497,-0.094381,-0.00444991,-26182,128,-23853,252731,8255888,10150413,live.pkl
1786624262,8943357930,90290747395854344,5,3151,0.187305,52.5167,-23223,5030,-1616.67,5,6,1,2,0.850817,-4,-3,-2447,0.0337105,-0.090855,-0.00508162,-24013,128,-23223,255605,8255888,10150413,live.pkl
1786624278,8943357930,90290747395854344,5,3166,0.187305,52.7667,-22643,3732,-1731.57,5,6,1,2,0.850817,-4,-3,-2743,0.0301976,-0.0875332,-0.00548592,-23388,128,-22643,258679,8255888,10150413,live.pkl
1786624293,8943357930,90290747395854344,5,3181,0.300532,53.0167,-22848,2570,-1192.55,5,6,1,2,0.850817,-4,-2,-3053,0.0280111,-0.0873087,-0.00309177,-22776,128,-22848,261692,8255888,10150413,live.pkl
1786624308,8943357930,90290747395854344,5,3196,0.286115,53.2667,-23536,317,-1257.05,5,6,1,2,0.850817,-4,-2,-3163,0.02889,-0.0895273,-0.00331695,-22666,128,-23536,262892,8255888,10150413,live.pkl
1786624324,8943357930,90290747395854344,5,3212,0.286115,53.5333,-24184,-961,-1266.27,5,6,1,2,0.850817,-4,-2,-3528,0.0273674,-0.0910618,-0.00323026,-22675,128,-24184,265578,8255888,10150413,live.pkl
1786624339,8943357930,90290747395854344,5,3227,0.248428,53.7833,-24241,-1598,-1303.33,5,6,1,2,0.850817,-4,-2,-3768,0.0257073,-0.091084,-0.00340883,-23089,128,-24241,266139,8255888,10150413,live.pkl
1786624354,8943357930,90290747395854344,5,3242,0.286115,54.0333,-24347,-1499,-1036.27,5,6,1,2,0.850817,-4,-2,-3586,0.0270151,-0.0909566,-0.00232431,-24110,128,-24347,267677,8255888,10150413,live.pkl
1786624369,8943357930,90290747395854344,5,3258,0.286115,54.3,-24296,-760,-571.961,5,6,1,2,0.850817,-4,-1,-3454,0.0278181,-0.0905378,-0.000433149,-24543,128,-24296,268352,8255888,10150413,live.pkl
1786624385,8943357930,90290747395854344,5,3273,0.389937,54.55,-29082,-4898,-395.098,5,6,1,2,0.850817,-5,1,-3659,0.037819,-0.109009,0.000427986,-24275,128,-29082,266786,8255888,10150413,live.pkl
1786624400,8943357930,90290747395854344,5,3288,0.404878,54.8,-26612,-2371,550.196,5,6,1,2,0.850817,-3,3,-2655,0.038712,-0.0994395,0.00394236,-26351,128,-26612,267620,8255888,10150413,live.pkl
1786624415,8943357930,90290747395854344,5,3303,0.438525,55.05,-24397,-50,2112.59,5,6,1,2,0.850817,-2,4,-2161,0.0371483,-0.0904521,0.0109222,-29453,128,-24397,269723,8255888,10150413,live.pkl
1786624430,8943357930,90290747395854344,5,3319,0.459459,55.3167,-22391,1905,2420.78,5,6,1,2,0.850817,-2,4,-1940,0.0337776,-0.082253,0.0120291,-25717,128,-22391,272221,8255888,10150413,live.pkl
1786624446,8943357930,90290747395854344,5,3334,0.452794,55.5667,-23519,5563,2253.92,5,6,1,2,0.850817,-2,4,-2135,0.0348874,-0.0865914,0.0112595,-24240,128,-23519,271609,8255888,10150413,live.pkl
1786624461,8943357930,90290747395854344,5,3349,0.567010,55.8167,-19235,7377,3055.88,5,7,2,2,0.850817,-2,4,-1665,0.0297122,-0.071192,0.0139711,-22820,128,-19235,270185,8255888,10150413,live.pkl
1786624476,8943357930,90290747395854344,5,3364,0.567010,56.0667,-18691,5706,2462.16,5,7,2,2,0.850817,-2,3,-1221,0.0318279,-0.0689483,0.0114344,-20395,128,-18691,271087,8255888,10150413,live.pkl
1786624492,8943357930,90290747395854344,5,3380,0.550356,56.3333,-18831,3560,1796.67,5,7,2,2,0.850817,-2,2,-1221,0.0318011,-0.0691206,0.00874662,-19248,128,-18831,272437,8255888,10150413,live.pkl
1786624507,8943357930,90290747395854344,5,3395,0.564286,56.5833,-18585,4934,1895.69,5,7,2,2,0.850817,-2,2,-554,0.0358127,-0.0679314,0.00906326,-18744,128,-18585,273585,8255888,10150413,live.pkl
1786624522,8943357930,90290747395854344,5,3410,0.562500,56.8333,-17646,1589,1717.18,5,7,2,2,0.850817,-2,2,-319,0.0352682,-0.0640415,0.00816715,-18533,128,-17646,275540,8255888,10150413,live.pkl
1786624538,8943357930,90290747395854344,5,3426,0.562500,57.1,-17764,927,1500.78,5,7,2,2,0.850817,-2,2,-319,0.0353294,-0.0642785,0.00727434,-18262,128,-17764,276360,8255888,10150413,live.pkl
1786624553,8943357930,90290747395854344,5,3442,0.552204,57.3667,-19062,-231,936.352,5,7,2,2,0.850817,-2,2,-567,0.0360485,-0.0686133,0.00503604,-17743,128,-19062,277818,8255888,10150413,live.pkl
1786624569,8943357930,90290747395854344,5,3457,0.521405,57.6167,-19719,-1134,687.059,5,7,2,2,0.850817,-2,2,-782,0.0356748,-0.0706569,0.00396042,-18147,128,-19719,279081,8255888,10150413,live.pkl
1786624584,8943357930,90290747395854344,5,3472,0.496942,57.8667,-19686,-2040,579.804,5,7,2,2,0.850817,-2,2,-514,0.0373723,-0.0700934,0.00341958,-19361,128,-19686,280854,8255888,10150413,live.pkl
1786624599,8943357930,90290747395854344,5,3487,0.564286,58.1167,-19086,-1322,737.647,5,7,2,2,0.850817,-2,2,-216,0.0380426,-0.0675286,0.00387847,-19359,128,-19086,282636,8255888,10150413,live.pkl
1786624614,8943357930,90290747395854344,5,3503,0.567010,58.3833,-19368,-306,814.593,5,7,2,2,0.850817,-2,2,-384,0.0372773,-0.0682169,0.00416489,-19663,128,-19368,283918,8255888,10150413,live.pkl
1786624630,8943357930,90290747395854344,5,3518,0.550356,58.6333,-19867,-148,846.471,5,7,2,2,0.850817,-2,2,-215,0.0393911,-0.0696113,0.00420597,-19261,128,-19867,285399,8255888,10150413,live.pkl
1786624645,8943357930,90290747395854344,5,3533,0.496942,58.8833,-20506,-820,732.353,5,7,2,2,0.850817,-2,2,-355,0.03957,-0.0716222,0.00381604,-19648,128,-20506,286308,8255888,10150413,live.pkl
1786624660,8943357930,90290747395854344,5,3549,0.464945,59.15,-20832,-1746,686.971,6,7,1,2,0.850817,-2,2,-680,0.0376173,-0.0722766,0.00365082,-19979,128,-20832,288226,8255888,10150413,live.pkl
1786624676,8943357930,90290747395854344,5,3564,0.452794,59.4,-21615,-2247,525.686,6,7,1,2,0.850817,-2,2,-727,0.038582,-0.0746614,0.00311302,-20356,128,-21615,289507,8255888,10150413,live.pkl
1786624691,8943357930,90290747395854344,5,3579,0.496942,59.65,-21535,-1668,1479.8,6,7,1,2,0.850817,-2,3,-384,0.0407582,-0.074023,0.00685994,-20454,128,-21535,290923,8255888,10150413,live.pkl
1786624706,8943357930,90290747395854344,5,3594,0.438525,59.9,-21412,-906,1019.61,6,7,1,2,0.850817,-2,1,-564,0.0391175,-0.073366,0.00511246,-21739,128,-21412,291852,8255888,10150413,live.pkl
1786624721,8943357930,90290747395854344,5,3610,0.481717,60.1667,-20555,277,750.879,6,7,1,2,0.850817,-2,0,-508,0.0374933,-0.0698677,0.00402301,-21584,128,-20555,294199,8255888,10150413,live.pkl
1786624737,8943357930,90290747395854344,5,3625,0.538462,60.4167,-18771,2844,709.804,6,7,1,2,0.850817,-2,0,151,0.0382684,-0.0636959,0.00363865,-21199,128,-18771,294697,8255888,10150413,live.pkl
1786624752,8943357930,90290747395854344,5,3640,0.521405,60.6667,-19204,2331,846.078,6,7,1,2,0.850817,-2,0,424,0.0408879,-0.0649583,0.00424179,-20461,128,-19204,295636,8255888,10150413,live.pkl
1786624767,8943357930,90290747395854344,5,3655,0.521405,60.9167,-20428,984,-233.922,6,7,1,2,0.850817,-2,0,-174,0.0390966,-0.0686877,0.000491029,-20061,128,-20428,297404,8255888,10150413,live.pkl
1786624782,8943357930,90290747395854344,5,3671,0.521405,61.1833,-20455,100,-344.756,6,7,1,2,0.850817,-2,0,-62,0.0398643,-0.0682969,0.000127312,-19260,128,-20455,299501,8255888,10150413,live.pkl
1786624798,8943357930,90290747395854344,5,3686,0.496942,61.4333,-20335,-1564,-294.902,6,7,1,2,0.850817,-2,0,-318,0.0378498,-0.0675171,0.000314407,-19785,128,-20335,301183,8255888,10150413,live.pkl
1786624813,8943357930,90290747395854344,5,3701,0.481717,61.6833,-21289,-2085,-530.196,6,7,1,2,0.850817,-2,0,814,0.0463798,-0.0703585,-0.000475908,-20250,128,-21289,302579,8255888,10150413,live.pkl
1786624828,8943357930,90290747395854344,5,3717,0.521405,61.95,-21196,-768,-693.811,6,7,1,2,0.850817,-2,0,1224,0.0488476,-0.0698247,-0.00113027,-20556,128,-21196,303560,8255888,10150413,live.pkl
1786624844,8943357930,90290747395854344,5,3732,0.521405,62.2,-21209,-754,-675.49,6,7,1,2,0.850817,-2,0,1183,0.0485636,-0.0698048,-0.00108359,-21280,128,-21209,303833,8255888,10150413,live.pkl
1786624859,8943357930,90290747395854344,5,3747,0.550356,62.45,-20828,-493,-347.41,6,8,2,2,0.850817,-2,0,1496,0.0495698,-0.0680849,0.000103933,-21202,128,-20828,305912,8255888,10150413,live.pkl
1786624874,8943357930,90290747395854344,5,3763,0.323477,62.7167,-24758,-3469,-988.039,6,8,2,2,0.850817,-3,-1,910,0.0537617,-0.081008,-0.00202963,-21272,128,-24758,305624,8255888,10150413,live.pkl
1786624890,8943357930,90290747395854344,5,3778,0.550356,62.9667,-21526,-330,-360.784,6,8,2,3,0.850817,-2,0,1837,0.0532894,-0.0699128,3.54107e-05,-20920,128,-21526,307898,8255888,10150413,live.pkl
1786624905,8943357930,90290747395854344,5,3793,0.665984,63.2167,-11079,10130,1570,6,8,2,3,0.850817,-1,1,1781,0.0335722,-0.0364747,0.006089,-21341,128,-11079,303745,8255888,10150413,live.pkl
1786624920,8943357930,90290747395854344,5,3808,0.665984,63.4667,-10616,10212,1721.7,6,8,2,3,0.850817,-1,1,3361,0.042891,-0.0348949,0.00655515,-21523,128,-10616,304228,8255888,10150413,live.pkl
1786624936,8943357930,90290747395854344,5,3824,0.665984,63.7333,-9961,14797,1942.35,6,8,2,3,0.850817,-2,0,6657,0.0629389,-0.0328793,0.00720237,-11262,128,-9961,302957,8255888,10150413,live.pkl
1786624951,8943357930,90290747395854344,5,3839,0.629745,63.9833,-12059,9467,1656.27,6,8,2,3,0.850817,-2,0,6663,0.0665234,-0.039542,0.00629023,-8670,128,-12059,304967,8255888,10150413,live.pkl
1786624966,8943357930,90290747395854344,5,3854,0.629745,64.2333,-11160,-81,1902.69,6,8,2,3,0.850817,-2,0,6560,0.0637806,-0.0364258,0.00705261,-9986,128,-11160,306376,8255888,10150413,live.pkl
1786624981,8943357930,90290747395854344,5,3870,0.629745,64.5,-11394,-778,2004.12,6,8,2,3,0.850817,-2,0,6560,0.0640545,-0.0371106,0.0073629,-12010,128,-11394,307028,8255888,10150413,live.pkl
1786624997,8943357930,90290747395854344,5,3885,0.672048,64.75,-8317,1644,2591.76,6,8,2,3,0.850817,-2,0,8595,0.0718529,-0.02725,0.00917118,-11108,128,-8317,305211,8255888,10150413,live.pkl
1786625012,8943357930,90290747395854344,5,3900,0.705479,65,-7922,4137,2645.1,6,8,2,3,0.850817,-2,0,9062,0.0740566,-0.0258957,0.0093079,-11380,128,-7922,305920,8255888,10150413,live.pkl
1786625027,8943357930,90290747395854344,5,3915,0.705479,65.25,-8372,2788,2396.66,6,8,2,3,0.850817,-2,0,8755,0.0724824,-0.0272083,0.008392,-8440,128,-8372,307700,8255888,10150413,live.pkl
1786625042,8943357930,90290747395854344,5,3931,0.794004,65.5167,-3489,7905,2996.47,6,8,2,3,0.850817,-1,1,8759,0.0629597,-0.0112598,0.0102816,-7946,128,-3489,309863,8255888,10150413,live.pkl
1786625058,8943357930,90290747395854344,5,3946,0.813417,65.7667,-2987,5330,3179.8,6,8,2,3,0.850817,-1,1,9294,0.0652562,-0.00960219,0.0108541,-6074,128,-2987,311075,8255888,10150413,live.pkl
1786625073,8943357930,90290747395854344,5,3961,0.813417,66.0167,-1387,6535,3733.53,6,8,2,3,0.850817,-1,1,9439,0.0631263,-0.00445015,0.0125956,-3203,128,-1387,311675,8255888,10150413,live.pkl
1786625088,8943357930,90290747395854344,5,3977,0.813417,66.2833,819,9191,4171.37,6,9,3,3,0.850817,-1,1,9632,0.0602416,0.00262577,0.0139064,-2318,128,819,311909,8255888,10150413,live.pkl
1786625104,8943357930,90290747395854344,5,3992,0.813417,66.5333,866,4355,4157.06,6,9,3,3,0.850817,-1,1,9679,0.0603923,0.00277354,0.0137825,-1734,128,866,312236,8255888,10150413,live.pkl
1786625119,8943357930,90290747395854344,5,4007,0.813417,66.7833,363,3350,4245.49,6,9,3,3,0.850817,-1,1,9876,0.0621757,0.00115491,0.0140222,-1453,128,363,314309,8255888,10150413,live.pkl
1786625134,8943357930,90290747395854344,5,4022,0.813417,67.0333,392,1779,4246.82,6,9,3,3,0.850817,-1,1,9940,0.0623676,0.001244,0.0139807,995,128,392,315112,8255888,10150413,live.pkl
1786625150,8943357930,90290747395854344,5,4038,0.891185,67.3,1393,574,4431.76,6,9,3,4,0.850817,-1,1,10458,0.0633961,0.00439248,0.0145485,414,128,1393,317133,8255888,10150413,live.pkl
1786625165,8943357930,90290747395854344,5,4053,0.874101,67.55,408,-458,4163.92,6,9,3,4,0.850817,-1,1,10536,0.0656743,0.00128622,0.0136022,1133,128,408,317208,8255888,10150413,live.pkl
1786625180,8943357930,90290747395854344,5,4068,0.891185,67.8,-176,-539,4835.8,6,9,3,4,0.850817,-1,2,10112,0.0636266,-0.000550902,0.0158276,369,128,-176,319476,8255888,10150413,live.pkl
1786625195,8943357930,90290747395854344,5,4084,0.874101,68.0667,-188,-580,4183.92,6,9,3,4,0.850817,-1,1,10294,0.0644983,-0.000585823,0.0135935,82,128,-188,320916,8255888,10150413,live.pkl
1786625211,8943357930,90290747395854344,5,4099,0.862944,68.3167,148,-1245,2201.37,6,9,3,4,0.850817,-1,0,10342,0.0638972,0.000459128,0.00724192,-83,128,148,322350,8255888,10150413,live.pkl
1786625226,8943357930,90290747395854344,5,4114,0.891185,68.5667,3692,3284,2805.49,6,9,3,5,0.850817,0,1,11062,0.061512,0.0113791,0.00907333,-572,128,3692,324454,8255888,10150413,live.pkl
1786625241,8943357930,90290747395854344,5,4130,0.891185,68.8333,1721,1897,2290.59,6,9,3,6,0.850817,-1,1,11065,0.0646313,0.00526665,0.00747959,588,128,1721,326773,8255888,10150413,live.pkl
1786625257,8943357930,90290747395854344,5,4145,0.891185,69.0833,214,402,2406.47,6,9,3,6,0.850817,0,2,11653,0.0713766,0.000658993,0.00788254,2920,128,214,324738,8255888,10150413,live.pkl
1786625272,8943357930,90290747395854344,5,4160,0.979101,69.3333,10710,10562,4288.24,6,9,3,6,0.850817,3,5,13853,0.0658048,0.0330201,0.0136168,2196,128,10710,324348,8255888,10150413,live.pkl
1786625287,8943357930,90290747395854344,6,4164,0.979101,69.4,12522,12374,4583.61,,,,,0.14667,3,5,14143,0.0639748,0.038384,0.0144793,662,128,12522,326230,,,live.pkl
1786625302,8943357930,90290747395854344,6,4164,0.979101,69.4,12242,12094,4529.42,,,,,0.14667,3,5,14143,0.0644454,0.0374935,0.014307,662,128,12242,326510,,,live.pkl
1786625318,8943357930,90290747395854344,6,4164,0.979101,69.4,12242,12094,4529.42,,,,,0.14667,3,5,14143,0.0644454,0.0374935,0.014307,662,128,12242,326510,,,live.pkl
1786625333,8943357930,90290747395854344,6,4164,0.979101,69.4,12242,12094,4529.42,,,,,0.14667,3,5,14143,0.0644454,0.0374935,0.014307,662,128,12242,326510,,,live.pkl
1786625348,8943357930,90290747395854344,6,4164,0.979101,69.4,12242,12094,4529.42,,,,,0.14667,3,5,14143,0.0644454,0.0374935,0.014307,662,128,12242,326510,,,live.pkl
1786625364,8943357930,90290747395854344,6,4164,0.979101,69.4,12242,12094,4529.42,,,,,0.14667,3,5,14143,0.0644454,0.0374935,0.014307,662,128,12242,326510,,,live.pkl
1786625379,8943357930,90290747395854344,6,4164,0.979101,69.4,12242,12094,4529.42,,,,,0.14667,3,5,14143,0.0644454,0.0374935,0.014307,662,128,12242,326510,,,live.pkl
1786625394,8943357930,90290747395854344,6,4164,0.979101,69.4,12242,12094,4529.42,,,,,0.14667,3,5,14143,0.0644454,0.0374935,0.014307,662,128,12242,326510,,,live.pkl
1786625410,8943357930,90290747395854344,6,4164,0.979101,69.4,12242,12094,4529.42,,,,,0.14667,3,5,14143,0.0644454,0.0374935,0.014307,662,128,12242,326510,,,live.pkl
1786625425,8943357930,90290747395854344,6,4164,0.979101,69.4,12242,12094,4529.42,,,,,0.14667,3,5,14143,0.0644454,0.0374935,0.014307,662,128,12242,326510,,,live.pkl
1786625440,8943357930,90290747395854344,6,4164,0.979101,69.4,12242,12094,4529.42,,,,,0.14667,3,5,14143,0.0644454,0.0374935,0.014307,662,128,12242,326510,,,live.pkl
1786625456,8943357930,90290747395854344,6,4164,0.979101,69.4,12242,12094,4529.42,,,,,0.14667,3,5,14143,0.0644454,0.0374935,0.014307,662,128,12242,326510,,,live.pkl
1786625471,8943357930,90290747395854344,6,4164,0.979101,69.4,12242,12094,4529.42,,,,,0.14667,3,5,14143,0.0644454,0.0374935,0.014307,662,128,12242,326510,,,live.pkl
1786625486,8943357930,90290747395854344,6,4164,0.979101,69.4,12242,12094,4529.42,,,,,0.14667,3,5,14143,0.0644454,0.0374935,0.014307,662,128,12242,326510,,,live.pkl
1786625501,8943357930,90290747395854344,6,4164,0.979101,69.4,12242,12094,4529.42,,,,,0.14667,3,5,14143,0.0644454,0.0374935,0.014307,662,128,12242,326510,,,live.pkl
1786625517,8943357930,90290747395854344,6,4164,0.979101,69.4,12242,12094,4529.42,,,,,0.14667,3,5,14143,0.0644454,0.0374935,0.014307,662,128,12242,326510,,,live.pkl
1786625532,8943357930,90290747395854344,6,4164,0.979101,69.4,12242,12094,4529.42,,,,,0.14667,3,5,14143,0.0644454,0.0374935,0.014307,662,128,12242,326510,,,live.pkl
1786625547,8943357930,90290747395854344,6,4164,0.979101,69.4,12242,12094,4529.42,,,,,0.14667,3,5,14143,0.0644454,0.0374935,0.014307,662,128,12242,326510,,,live.pkl
1786625563,8943357930,90290747395854344,6,4164,0.979101,69.4,12242,12094,4529.42,,,,,0.14667,3,5,14143,0.0644454,0.0374935,0.014307,662,128,12242,326510,,,live.pkl
1786625578,8943357930,90290747395854344,6,4164,0.979101,69.4,12242,12094,4529.42,,,,,0.14667,3,5,14143,0.0644454,0.0374935,0.014307,662,128,12242,326510,,,live.pkl
1786625593,8943357930,90290747395854344,6,4164,0.979101,69.4,12242,12094,4529.42,,,,,0.14667,3,5,14143,0.0644454,0.0374935,0.014307,662,128,12242,326510,,,live.pkl
1786625609,8943357930,90290747395854344,6,4164,0.979101,69.4,12242,12094,4529.42,,,,,0.14667,3,5,14143,0.0644454,0.0374935,0.014307,662,128,12242,326510,,,live.pkl
1786625624,8943357930,90290747395854344,6,4164,0.979101,69.4,12242,12094,4529.42,,,,,0.14667,3,5,14143,0.0644454,0.0374935,0.014307,662,128,12242,326510,,,live.pkl
1786625639,8943357930,90290747395854344,7,4164,0.979101,69.4,12242,12094,4529.42,,,,,0.14667,3,5,14143,0.0644454,0.0374935,0.014307,662,128,12242,326510,,,live.pkl
1786625655,8943357930,90290747395854344,7,4164,0.979101,69.4,12242,12094,4529.42,,,,,0.14667,3,5,14143,0.0644454,0.0374935,0.014307,662,128,12242,326510,,,live.pkl
1786625670,8943357930,90290747395854344,7,4164,0.979101,69.4,12242,12094,4529.42,,,,,0.14667,3,5,14143,0.0644454,0.0374935,0.014307,662,128,12242,326510,,,live.pkl
1786625685,8943357930,90290747395854344,7,4164,0.979101,69.4,12242,12094,4529.42,,,,,0.14667,3,5,14143,0.0644454,0.0374935,0.014307,662,128,12242,326510,,,live.pkl
1786625700,8943357930,90290747395854344,7,4164,0.979101,69.4,12242,12094,4529.42,,,,,0.14667,3,5,14143,0.0644454,0.0374935,0.014307,662,128,12242,326510,,,live.pkl
1786625716,8943357930,90290747395854344,7,4164,0.979101,69.4,12242,12094,4529.42,,,,,0.14667,3,5,14143,0.0644454,0.0374935,0.014307,662,128,12242,326510,,,live.pkl
1786625731,8943357930,90290747395854344,7,4164,0.979101,69.4,12242,12094,4529.42,,,,,0.14667,3,5,14143,0.0644454,0.0374935,0.014307,662,128,12242,326510,,,live.pkl
1786625746,8943357930,90290747395854344,7,4164,0.979101,69.4,12242,12094,4529.42,,,,,0.14667,3,5,14143,0.0644454,0.0374935,0.014307,662,128,12242,326510,,,live.pkl
1786625762,8943357930,90290747395854344,7,4164,0.979101,69.4,12242,12094,4529.42,,,,,0.14667,3,5,14143,0.0644454,0.0374935,0.014307,662,128,12242,326510,,,live.pkl
1786625777,8943357930,90290747395854344,7,4164,0.979101,69.4,12242,12094,4529.42,,,,,0.14667,3,5,14143,0.0644454,0.0374935,0.014307,662,128,12242,326510,,,live.pkl
1786625792,8943357930,90290747395854344,7,4164,0.979101,69.4,12242,12094,4529.42,,,,,0.14667,3,5,14143,0.0644454,0.0374935,0.014307,662,128,12242,326510,,,live.pkl
1786625807,8943357930,90290747395854344,7,4164,0.979101,69.4,12242,12094,4529.42,,,,,0.14667,3,5,14143,0.0644454,0.0374935,0.014307,662,128,12242,326510,,,live.pkl
1786625823,8943357930,90290747395854344,7,4164,0.979101,69.4,12242,12094,4529.42,,,,,0.14667,3,5,14143,0.0644454,0.0374935,0.014307,662,128,12242,326510,,,live.pkl
1786625838,8943357930,90290747395854344,7,4164,0.979101,69.4,12242,12094,4529.42,,,,,0.14667,3,5,14143,0.0644454,0.0374935,0.014307,662,128,12242,326510,,,live.pkl
1786625853,8943357930,90290747395854344,7,4164,0.979101,69.4,12242,12094,4529.42,,,,,0.14667,3,5,14143,0.0644454,0.0374935,0.014307,662,128,12242,326510,,,live.pkl
1786625869,8943357930,90290747395854344,7,4164,0.979101,69.4,12242,12094,4529.42,,,,,0.14667,3,5,14143,0.0644454,0.0374935,0.014307,662,128,12242,326510,,,live.pkl
1786625884,8943357930,90290747395854344,7,4164,0.979101,69.4,12242,12094,4529.42,,,,,0.14667,3,5,14143,0.0644454,0.0374935,0.014307,662,128,12242,326510,,,live.pkl
1786625899,8943357930,90290747395854344,7,4164,0.979101,69.4,12242,12094,4529.42,,,,,0.14667,3,5,14143,0.0644454,0.0374935,0.014307,662,128,12242,326510,,,live.pkl
1786625915,8943357930,90290747395854344,7,4164,0.979101,69.4,12242,12094,4529.42,,,,,0.14667,3,5,14143,0.0644454,0.0374935,0.014307,662,128,12242,326510,,,live.pkl
1786625930,8943357930,90290747395854344,7,4164,0.979101,69.4,12242,12094,4529.42,,,,,0.14667,3,5,14143,0.0644454,0.0374935,0.014307,662,128,12242,326510,,,live.pkl
1786625945,8943357930,90290747395854344,7,4164,0.979101,69.4,12242,12094,4529.42,,,,,0.14667,3,5,14143,0.0644454,0.0374935,0.014307,662,128,12242,326510,,,live.pkl
1786625976,8943357930,90290747395854344,7,4164,0.979101,69.4,12242,12094,4529.42,,,,,0.14667,3,5,14143,0.0644454,0.0374935,0.014307,662,128,12242,326510,,,live.pkl
1786625991,8943357930,90290747395854344,7,4164,0.979101,69.4,12242,12094,4529.42,,,,,0.14667,3,5,14143,0.0644454,0.0374935,0.014307,662,128,12242,326510,,,live.pkl
1786626006,8943357930,90290747395854344,7,4164,0.979101,69.4,12242,12094,4529.42,,,,,0.14667,3,5,14143,0.0644454,0.0374935,0.014307,662,128,12242,326510,,,live.pkl
1786626022,8943357930,90290747395854344,7,4164,0.979101,69.4,12242,12094,4529.42,,,,,0.14667,3,5,14143,0.0644454,0.0374935,0.014307,662,128,12242,326510,,,live.pkl
1786626037,8943357930,90290747395854344,7,4164,0.979101,69.4,12242,12094,4529.42,,,,,0.14667,3,5,14143,0.0644454,0.0374935,0.014307,662,128,12242,326510,,,live.pkl
1786626052,8943357930,90290747395854344,7,4164,0.979101,69.4,12242,12094,4529.42,,,,,0.14667,3,5,14143,0.0644454,0.0374935,0.014307,662,128,12242,326510,,,live.pkl
1786626068,8943357930,90290747395854344,7,4164,0.979101,69.4,12242,12094,4529.42,,,,,0.14667,3,5,14143,0.0644454,0.0374935,0.014307,662,128,12242,326510,,,live.pkl
1786626083,8943357930,90290747395854344,7,4164,0.979101,69.4,12242,12094,4529.42,,,,,0.14667,3,5,14143,0.0644454,0.0374935,0.014307,662,128,12242,326510,,,live.pkl
1786626098,8943357930,90290747395854344,7,4164,0.979101,69.4,12242,12094,4529.42,,,,,0.14667,3,5,14143,0.0644454,0.0374935,0.014307,662,128,12242,326510,,,live.pkl
1786626113,8943357930,90290747395854344,7,4164,0.979101,69.4,12242,12094,4529.42,,,,,0.14667,3,5,14143,0.0644454,0.0374935,0.014307,662,128,12242,326510,,,live.pkl
1786626129,8943357930,90290747395854344,7,4164,0.979101,69.4,12242,12094,4529.42,,,,,0.14667,3,5,14143,0.0644454,0.0374935,0.014307,662,128,12242,326510,,,live.pkl
1786626144,8943357930,90290747395854344,7,4164,0.979101,69.4,12242,12094,4529.42,,,,,0.14667,3,5,14143,0.0644454,0.0374935,0.014307,662,128,12242,326510,,,live.pkl
1786626175,8943357930,90290747395854344,7,4164,0.979101,69.4,12242,12094,4529.42,,,,,0.14667,3,5,14143,0.0644454,0.0374935,0.014307,662,128,12242,326510,,,live.pkl
1786626190,8943357930,90290747395854344,7,4164,0.979101,69.4,12242,12094,4529.42,,,,,0.14667,3,5,14143,0.0644454,0.0374935,0.014307,662,128,12242,326510,,,live.pkl
1786626220,8943357930,90290747395854344,7,4164,0.979101,69.4,12242,12094,4529.42,,,,,0.14667,3,5,14143,0.0644454,0.0374935,0.014307,662,128,12242,326510,,,live.pkl
1786626236,8943357930,90290747395854344,7,4164,0.979101,69.4,12242,12094,4529.42,,,,,0.14667,3,5,14143,0.0644454,0.0374935,0.014307,662,128,12242,326510,,,live.pkl
1786626251,8943357930,90290747395854344,7,4164,0.979101,69.4,12242,12094,4529.42,,,,,0.14667,3,5,14143,0.0644454,0.0374935,0.014307,662,128,12242,326510,,,live.pkl
1786626266,8943357930,90290747395854344,7,4164,0.979101,69.4,12242,12094,4529.42,,,,,0.14667,3,5,14143,0.0644454,0.0374935,0.014307,662,128,12242,326510,,,live.pkl
1786626297,8943357930,90290747395854344,7,4164,0.979101,69.4,12242,12094,4529.42,,,,,0.14667,3,5,14143,0.0644454,0.0374935,0.014307,662,128,12242,326510,,,live.pkl
1786626312,8943357930,90290747395854344,7,4164,0.979101,69.4,12242,12094,4529.42,,,,,0.14667,3,5,14143,0.0644454,0.0374935,0.014307,662,128,12242,326510,,,live.pkl
1786626327,8943357930,90290747395854344,7,4164,0.979101,69.4,12242,12094,4529.42,,,,,0.14667,3,5,14143,0.0644454,0.0374935,0.014307,662,128,12242,326510,,,live.pkl
1786626343,8943357930,90290747395854344,7,4164,0.979101,69.4,12242,12094,4529.42,,,,,0.14667,3,5,14143,0.0644454,0.0374935,0.014307,662,128,12242,326510,,,live.pkl
1786626358,8943357930,90290747395854344,7,4164,0.979101,69.4,12242,12094,4529.42,,,,,0.14667,3,5,14143,0.0644454,0.0374935,0.014307,662,128,12242,326510,,,live.pkl
1786626373,8943357930,90290747395854344,7,4164,0.979101,69.4,12242,12094,4529.42,,,,,0.14667,3,5,14143,0.0644454,0.0374935,0.014307,662,128,12242,326510,,,live.pkl
1786626388,8943357930,90290747395854344,7,4164,0.979101,69.4,12242,12094,4529.42,,,,,0.14667,3,5,14143,0.0644454,0.0374935,0.014307,662,128,12242,326510,,,live.pkl
1786626404,8943357930,90290747395854344,7,4164,0.979101,69.4,12242,12094,4529.42,,,,,0.14667,3,5,14143,0.0644454,0.0374935,0.014307,662,128,12242,326510,,,live.pkl
1786626419,8943357930,90290747395854344,7,4164,0.979101,69.4,12242,12094,4529.42,,,,,0.14667,3,5,14143,0.0644454,0.0374935,0.014307,662,128,12242,326510,,,live.pkl
1786626434,8943357930,90290747395854344,7,4164,0.979101,69.4,12242,12094,4529.42,,,,,0.14667,3,5,14143,0.0644454,0.0374935,0.014307,662,128,12242,326510,,,live.pkl
